smiles,label,label,label,label,label,label,label,label,label,label,label,label
CC(OC1=C(Cl)C=CC(Cl)=C1)C(O)=O,0.0,0.0,0.0,0.0,0.0,0.0,0.0,,0.0,0.0,,0.0
CCC(C)S,0.0,0.0,0.0,0.0,0.0,0.0,0.0,0.0,0.0,0.0,0.0,0.0
CCCCC1=C(C(=O)C2=CC(I)=C(OCCN(CC)CC)C(I)=C2)C3=CC=CC=C3O1,0.0,0.0,0.0,0.0,0.0,0.0,,0.0,0.0,,,
NC(=S)NC1=C2C=CC=CC2=CC=C1,0.0,0.0,0.0,0.0,0.0,0.0,0.0,0.0,0.0,0.0,0.0,0.0
NNC1=NC(=CS1)C2=CC=CC=C2,0.0,0.0,1.0,,0.0,0.0,0.0,1.0,0.0,1.0,1.0,
CC(C)COC(=O)C1=CC=C(O)C=C1,0.0,0.0,,,1.0,1.0,0.0,,0.0,0.0,1.0,0.0
[H][C@@](CCN1[C@@]2([H])CC[C@]1([H])C[C@]([H])(C2)N3C(C)=NN=C3C(C)C)(NC(=O)C4CCC(F)(F)CC4)C5=CC=CC=C5,0.0,0.0,0.0,0.0,0.0,0.0,0.0,,0.0,,0.0,0.0
O=C(OCCCC1=CC=CC=C1)C=CC2=CC=CC=C2,0.0,0.0,0.0,,1.0,0.0,0.0,0.0,0.0,0.0,0.0,0.0
CCCCCCCCC(O)=O,0.0,0.0,0.0,0.0,0.0,0.0,0.0,0.0,0.0,0.0,0.0,0.0
F[B-](F)(F)F.CCCC[N+]1=CC=C(C)C=C1,0.0,0.0,0.0,0.0,0.0,0.0,0.0,,0.0,0.0,0.0,0.0
OC(=O)CC(O)(CC(O)=O)C(O)=O.CCOC1=C(C=C(Cl)C(N)=C1)C(=O)NCC2CN(CC3=CC=C(F)C=C3)CCO2,0.0,0.0,1.0,0.0,0.0,0.0,,,0.0,0.0,,0.0
CC(=C)C(=O)OCCOCCOC(=O)C(C)=C,0.0,0.0,0.0,,0.0,0.0,0.0,0.0,0.0,0.0,0.0,0.0
CCCCCC(=O)OCC\C=C/CC,0.0,0.0,0.0,0.0,0.0,0.0,0.0,0.0,0.0,0.0,0.0,0.0
CCCCCCCCCCCCN1CCCC1=O,0.0,0.0,1.0,,,,,,0.0,,,
CC(=O)SCC1=CC=CO1,0.0,0.0,0.0,0.0,0.0,0.0,0.0,1.0,0.0,0.0,0.0,0.0
[H][C@@]12CC[C@@H](O)[C@@H]3OC4=C(OC)C=CC5=C4[C@]13CCN(C)[C@@H]2C5,0.0,0.0,0.0,0.0,0.0,0.0,0.0,0.0,0.0,0.0,0.0,0.0
CS(=O)(=O)C1=CC=C(C=C1)C2=C(C(=O)OC2)C3=CC=CC=C3,0.0,0.0,0.0,0.0,0.0,0.0,0.0,,0.0,,0.0,0.0
CS(=O)(=O)NC1=CC=C(C=C1OC2=CC=CC=C2)[N+]([O-])=O,0.0,0.0,0.0,0.0,0.0,0.0,0.0,0.0,0.0,0.0,1.0,0.0
CC(=O)CCC1=CC=C(OC(C)=O)C=C1,0.0,0.0,0.0,0.0,0.0,0.0,0.0,0.0,0.0,0.0,0.0,0.0
CC(=C)C(=O)OCC=C,0.0,0.0,0.0,0.0,0.0,0.0,0.0,0.0,0.0,0.0,0.0,0.0
CC1=CC=CC(=C1[N+]([O-])=O)[N+]([O-])=O,0.0,0.0,0.0,0.0,0.0,0.0,0.0,1.0,0.0,0.0,,0.0
OC(=O)CC(O)(CC(O)=O)C(O)=O.CCN(CCCC1=CC=CC=C1)CCCC2=CC=CC=C2,0.0,0.0,0.0,0.0,0.0,0.0,0.0,0.0,0.0,0.0,0.0,0.0
NCCCN1CCN(CCCN)CC1,0.0,0.0,0.0,0.0,0.0,0.0,0.0,0.0,0.0,0.0,0.0,0.0
FC1=CC2=C(C=C1N3C(=O)C4=C(CCCC4)C3=O)N(CC#C)C(=O)CO2,0.0,0.0,0.0,0.0,0.0,0.0,0.0,1.0,0.0,0.0,,0.0
CC1=CC(Cl)=C(N)C(C)=C1,0.0,0.0,0.0,0.0,0.0,0.0,0.0,0.0,0.0,0.0,0.0,0.0
CCSC(=O)N(CC(C)C)CC(C)C,0.0,0.0,0.0,0.0,0.0,0.0,0.0,0.0,0.0,0.0,0.0,0.0
CN(C)C1=NC(=NC(=N1)N(C)C)N(C)C,0.0,0.0,0.0,0.0,0.0,0.0,0.0,0.0,0.0,0.0,0.0,0.0
CCC(COC(=O)C=C)(COC(=O)C=C)COC(=O)C=C,0.0,,,,,1.0,,1.0,1.0,,1.0,
CCN(CC1=CC=NC=C1)C(=O)C(CO)C2=CC=CC=C2,0.0,0.0,0.0,1.0,0.0,0.0,0.0,0.0,0.0,0.0,0.0,0.0
O=C1NC(=O)C(N1)(C2=CC=CC=C2)C3=CC=CC=C3,0.0,0.0,0.0,0.0,0.0,0.0,0.0,0.0,0.0,0.0,0.0,0.0
CN(C)C1=CC=C(C=C1)\N=N\C2=C(C=CC=C2)C(O)=O,0.0,0.0,1.0,,,0.0,0.0,1.0,1.0,1.0,,0.0
CCCCC(CC)C(=O)OCCOCCOCCOC(=O)C(CC)CCCC,0.0,0.0,0.0,0.0,0.0,0.0,0.0,0.0,0.0,0.0,0.0,0.0
O=C1CCN(N1)C2=CC=CC=C2,0.0,0.0,,,0.0,0.0,,0.0,0.0,0.0,0.0,0.0
CCCCCCCCC1=CC=C(O)C=C1,0.0,0.0,0.0,,1.0,0.0,0.0,,0.0,,1.0,0.0
CC(C)C(C)C,,,0.0,0.0,,0.0,0.0,0.0,0.0,0.0,,0.0
Cl.COC1=CC=C(CN(CCN(C)C)C2=NC=CC=N2)C=C1,0.0,0.0,0.0,0.0,0.0,0.0,0.0,0.0,0.0,0.0,,0.0
ClC1=CC=C2N(CC3CC3)C(=O)CN=C(C4=CC=CC=C4)C2=C1,0.0,0.0,0.0,0.0,,0.0,0.0,1.0,0.0,0.0,1.0,1.0
OC(=O)C(\Cl)=C(\Cl)C=O,0.0,0.0,0.0,,0.0,0.0,,1.0,1.0,,,1.0
COC(=O)C1=CC=C(O)C=C1,0.0,0.0,0.0,0.0,0.0,0.0,0.0,0.0,0.0,0.0,0.0,0.0
CCCCCC(C=O)=CC1=CC=CC=C1,0.0,0.0,0.0,0.0,0.0,0.0,0.0,0.0,0.0,0.0,0.0,0.0
OCCCO,0.0,0.0,0.0,0.0,0.0,0.0,0.0,0.0,0.0,0.0,0.0,0.0
OS(O)(=O)=O.CC1=CC=C(C=C1)C2(O)CCN(CCCC(=O)C3=CC=C(F)C=C3)CC2,0.0,0.0,0.0,0.0,0.0,0.0,,,0.0,,0.0,0.0
NCCOCCO,0.0,0.0,0.0,0.0,0.0,0.0,0.0,0.0,0.0,0.0,0.0,0.0
CCOC1=NC2=C(NC=C(C(=O)NCC3=CC=CC=C3)C2=O)C=C1,0.0,0.0,1.0,,,0.0,0.0,1.0,0.0,0.0,1.0,0.0
C[C@@H](OC1=CC=C(OC2=NC=C(Cl)C=C2F)C=C1)C(=O)OCC#C,0.0,0.0,0.0,0.0,0.0,0.0,0.0,0.0,0.0,0.0,0.0,0.0
[Na+].[Na+].[H][C@]12OCC(CSC3=NN=NN3C)=C(N1C(=O)[C@]2(NC(=O)C(C([O-])=O)C4=CC=C(O)C=C4)OC)C([O-])=O,0.0,0.0,0.0,0.0,0.0,0.0,0.0,0.0,0.0,0.0,,0.0
CN1N=C(SC1=NC(C)=O)S(N)(=O)=O,0.0,0.0,0.0,0.0,0.0,0.0,0.0,,0.0,,0.0,0.0
COC1=CC=CC=C1OC2=C(NS(=O)(=O)C3=CC=C(C=C3)C(C)(C)C)N=C(N=C2OCCO)C4=NC=CC=N4,0.0,,0.0,0.0,0.0,0.0,,,0.0,0.0,0.0,0.0
CCCCC(CC)(CO)CO,0.0,0.0,0.0,0.0,0.0,0.0,0.0,0.0,0.0,0.0,0.0,0.0
OC1=CC(Cl)=C(Cl)C(Cl)=C1,0.0,,0.0,,,,,,0.0,1.0,1.0,
OC(=O)C1=CC=CC=C1,0.0,0.0,0.0,0.0,0.0,0.0,0.0,0.0,0.0,0.0,0.0,0.0
COC1=CC(=CC(OC)=C1OC)C(=O)N2CCOCC2,0.0,0.0,0.0,0.0,0.0,0.0,0.0,0.0,0.0,0.0,0.0,0.0
O=C1NN=CC2=CC=CC=C12,0.0,0.0,0.0,0.0,0.0,0.0,0.0,0.0,0.0,0.0,0.0,0.0
NC1=C(Cl)C=CC(=C1)C(O)=O,0.0,0.0,0.0,0.0,0.0,0.0,0.0,0.0,0.0,0.0,0.0,0.0
COC1=CC2=CC=C(CCC(C)=O)C=C2C=C1,0.0,0.0,,,1.0,0.0,0.0,1.0,1.0,0.0,0.0,0.0
Cl.NCCC[C@H](N)C(O)=O,0.0,0.0,0.0,,0.0,0.0,0.0,,0.0,,0.0,0.0
[Na+].CCCCC(CC)COC(=O)CC(C(=O)OCC(CC)CCCC)S([O-])(=O)=O,0.0,1.0,0.0,0.0,0.0,0.0,0.0,1.0,0.0,,0.0,
COC1=CC=C(C=C1)C(CN(C)C)C2(O)CCCCC2,0.0,0.0,0.0,0.0,0.0,0.0,0.0,,0.0,0.0,0.0,0.0
[Cl-].COC1=CC=C2C=C3C4=C(CC[N+]3=CC2=C1OC)C=C5OCOC5=C4,0.0,0.0,1.0,,,0.0,0.0,1.0,0.0,0.0,1.0,1.0
O=C1NC(=O)C2CC=CCC12,0.0,0.0,0.0,0.0,0.0,0.0,0.0,0.0,0.0,0.0,0.0,0.0
[Br-].CC[N+](C)(CC)CCOC(=O)C(O)(C1CCCCC1)C2=CC=CC=C2,0.0,0.0,0.0,0.0,,0.0,0.0,0.0,0.0,0.0,0.0,0.0
O=C(OCC(COC(=O)C1=CC=CN=C1)(COC(=O)C2=CC=CN=C2)COC(=O)C3=CC=CN=C3)C4=CC=CN=C4,0.0,0.0,0.0,0.0,0.0,0.0,0.0,0.0,0.0,0.0,0.0,0.0
O=C(OC1=CC=CC=C1)C2=CC(=CC=C2)C(=O)OC3=CC=CC=C3,0.0,,1.0,,1.0,0.0,0.0,0.0,,0.0,0.0,0.0
CC\C=C/CCOC(=O)C1=C(O)C=CC=C1,0.0,0.0,,0.0,0.0,0.0,0.0,0.0,0.0,0.0,0.0,0.0
CCCCNC(=O)NCCCC,0.0,0.0,0.0,0.0,0.0,0.0,0.0,0.0,0.0,0.0,0.0,0.0
Cl.CN(C\C=C\C1=CC=CC=C1)CC2=C3C=CC=CC3=CC=C2,0.0,0.0,0.0,0.0,0.0,0.0,0.0,0.0,0.0,0.0,0.0,0.0
CCCBr,0.0,0.0,0.0,0.0,0.0,0.0,0.0,0.0,0.0,0.0,0.0,0.0
NC1=CC=C(C=C1)S(=O)(=O)NC2=CC=C(Cl)N=N2,0.0,0.0,0.0,0.0,0.0,0.0,0.0,0.0,0.0,0.0,0.0,0.0
CCOC(=O)CCCCCCC\C=C\C\C=C\C\C=C\CC,0.0,0.0,0.0,,0.0,0.0,,,0.0,,1.0,0.0
C(OC1=CC=C(C=C1)N(CC2CO2)CC3CO3)C4CO4,0.0,0.0,0.0,,0.0,0.0,,1.0,1.0,1.0,0.0,1.0
OC1CCCCC1,0.0,0.0,0.0,0.0,0.0,0.0,0.0,0.0,0.0,0.0,0.0,0.0
COC1=CC=CC=C1OC,0.0,0.0,0.0,0.0,0.0,0.0,0.0,0.0,0.0,0.0,0.0,0.0
CCCCCCC1=CC=C(C=C1)C2=CC=C(C=C2)C#N,0.0,0.0,0.0,0.0,0.0,0.0,0.0,0.0,0.0,0.0,1.0,0.0
[Na+].CC1(C)\C(=C/C=C\C=C/C=C\C2=[N+](CCCCS([O-])(=O)=O)C3=CC=C4C=CC=CC4=C3C2(C)C)N(CCCCS([O-])(=O)=O)C5=CC=C6C=CC=CC6=C15,0.0,,,0.0,0.0,0.0,0.0,,0.0,,,0.0
CCCCCCCCCCCCCCCC(=O)OCC,0.0,0.0,0.0,0.0,0.0,0.0,0.0,0.0,0.0,0.0,0.0,0.0
O.OS(O)(=O)=O.CN1[C@H]2CC[C@@H]1C[C@@H](C2)OC(=O)C(CO)C3=CC=CC=C3.CN4[C@H]5CC[C@@H]4C[C@@H](C5)OC(=O)C(CO)C6=CC=CC=C6,0.0,0.0,0.0,0.0,0.0,0.0,0.0,0.0,0.0,0.0,0.0,0.0
Cl.CC(C)(C)NCC(O)C1=NC(CO)=C(O)C=C1,0.0,0.0,0.0,0.0,0.0,0.0,0.0,,0.0,,0.0,0.0
CC1=CC(C)=NC(NC2=CC=CC=C2)=N1,0.0,0.0,1.0,,,0.0,0.0,0.0,0.0,0.0,0.0,0.0
O=C(C(=O)C1=CC=CO1)C2=CC=CO2,0.0,0.0,0.0,0.0,0.0,0.0,0.0,1.0,0.0,0.0,,0.0
C\C=C\CC=C,0.0,0.0,0.0,0.0,,0.0,0.0,0.0,0.0,0.0,,0.0
CC1(C)C(=O)NC(=O)NC1=O,0.0,0.0,0.0,0.0,0.0,0.0,0.0,0.0,0.0,0.0,0.0,0.0
CCC1=CC=C(C=O)C=C1,0.0,0.0,0.0,0.0,0.0,0.0,0.0,0.0,0.0,0.0,0.0,0.0
OCCCCOC=C,0.0,0.0,0.0,0.0,0.0,0.0,0.0,0.0,0.0,0.0,0.0,0.0
Cl.CN(C)CCCN1C2=CC=CC=C2SC3=CC=C(C=C13)C(F)(F)F,0.0,0.0,0.0,,,0.0,,0.0,0.0,0.0,,1.0
OC1=CC=CC=C1C=O,0.0,0.0,0.0,0.0,,0.0,0.0,0.0,0.0,0.0,0.0,0.0
CCOC1=CC=C(C[C@H]2NC(=O)CCSSC[C@H](NC(=O)[C@H](CC(N)=O)NC(=O)[C@@H](NC(=O)[C@@H](NC2=O)[C@@H](C)CC)[C@@H](C)O)C(=O)N3CCC[C@H]3C(=O)N[C@@H](CCCN)C(=O)NCC(N)=O)C=C1,0.0,0.0,0.0,0.0,0.0,0.0,0.0,,0.0,,0.0,0.0
Cl.CCCN1CCCC[C@H]1C(=O)NC2=C(C)C=CC=C2C,0.0,0.0,0.0,0.0,0.0,0.0,0.0,0.0,0.0,0.0,,0.0
Cl.COC1=CC=C(C=C1)C(CN(C)C)C2(O)CCCCC2,0.0,0.0,0.0,0.0,0.0,0.0,0.0,0.0,0.0,0.0,0.0,0.0
C=CC(=O)OCCCCCCOC(=O)C=C,0.0,1.0,0.0,,0.0,,1.0,1.0,1.0,1.0,0.0,1.0
CCOC(C)OCC,0.0,0.0,0.0,0.0,0.0,0.0,0.0,0.0,0.0,0.0,0.0,0.0
[Na+].[Na+].OC1=C(N=NC2=CC=C(C=C2)N=NC3=CC=C(C=C3)S([O-])(=O)=O)C(=CC4=CC(NC(=O)C5=CC=CC=C5)=CC=C14)S([O-])(=O)=O,0.0,0.0,0.0,,,0.0,0.0,1.0,0.0,0.0,,0.0
S=C=NCC1=CC=CC=C1,0.0,0.0,,0.0,0.0,0.0,,,0.0,1.0,1.0,1.0
CC(C)CCC(C)=O,0.0,0.0,0.0,0.0,0.0,0.0,0.0,0.0,0.0,0.0,0.0,0.0
NC(=O)C(Cl)Cl,0.0,0.0,0.0,0.0,0.0,0.0,0.0,0.0,0.0,0.0,0.0,0.0
C[C@H](CN1CCCC1)C(=O)C2=CC=C(C=C2)C(F)(F)F,0.0,0.0,0.0,,0.0,0.0,0.0,1.0,0.0,0.0,0.0,0.0
CN1CCN(CC1)C2=NC3=C(NC4=C2C=C(C)S4)C=CC=C3,0.0,0.0,,0.0,0.0,0.0,0.0,0.0,0.0,0.0,0.0,0.0
CC\C=C1\OC(=O)C2=CC=CC=C12,0.0,0.0,0.0,0.0,,0.0,0.0,0.0,0.0,,0.0,0.0
OC1=C(O)C=C(C=C(C#N)C#N)C=C1,0.0,0.0,0.0,0.0,0.0,,0.0,,0.0,0.0,1.0,0.0
CO\N=C(\C1=NOCCO1)C2=C(OC3=C(F)C(OC4=C(Cl)C=CC=C4)=NC=N3)C=CC=C2,0.0,,0.0,,,,,1.0,0.0,0.0,1.0,
CC1=CC2=C3N(CC2)C(=O)[C@H](NC(=O)C4=CC=NC=C4)N=C(C5=CC=CC=C5)C3=C1,0.0,0.0,0.0,0.0,0.0,0.0,1.0,,0.0,0.0,0.0,0.0
[H][C@@]1(CC[C@@]2([H])\C(CCC[C@]12C)=C\C=C3\C[C@@H](O)CCC3=C)[C@H](C)CCCC(C)(C)O,0.0,0.0,0.0,0.0,,0.0,,,0.0,,1.0,
OCC(Cl)CCl,0.0,0.0,0.0,0.0,0.0,0.0,0.0,0.0,0.0,0.0,0.0,0.0
Cl.COC(=O)C1=CC=CC=C1C(=O)C2=CC=C(OCCN3CCCCC3)C=C2,1.0,0.0,0.0,0.0,0.0,0.0,0.0,0.0,0.0,0.0,0.0,0.0
C1=CC=C(C=C1)\C=C\C2=CC=CC=C2,0.0,0.0,1.0,,1.0,0.0,0.0,1.0,0.0,0.0,,0.0
S1C2=C(C=CC=C2)C3=C1C=CC=C3,0.0,0.0,0.0,0.0,0.0,0.0,0.0,0.0,0.0,0.0,0.0,0.0
OC1(CCCCC1)C(=O)C2=CC=CC=C2,0.0,0.0,0.0,0.0,0.0,0.0,0.0,0.0,0.0,0.0,0.0,0.0
CC1=C(C)C=C(C=O)C=C1,0.0,0.0,0.0,0.0,0.0,0.0,0.0,0.0,0.0,0.0,0.0,0.0
Cl.CC(C)NCC(O)C1=CC=C(NS(C)(=O)=O)C=C1,0.0,0.0,0.0,0.0,0.0,0.0,0.0,0.0,0.0,0.0,0.0,0.0
COC1=CC=C(CCNC[C@H](O)C2=CC=C(O)C=C2)C=C1OC,0.0,0.0,,0.0,0.0,0.0,0.0,,0.0,,0.0,0.0
CCC(C)COC(C)=O,0.0,0.0,,0.0,0.0,0.0,0.0,0.0,0.0,0.0,0.0,0.0
ClC1=CC(Cl)=C(Cl)C(Cl)=C1,1.0,,0.0,0.0,,0.0,0.0,0.0,0.0,0.0,0.0,0.0
CC(=O)C1=CC=CC=C1[N+]([O-])=O,0.0,0.0,,0.0,0.0,0.0,0.0,0.0,0.0,0.0,0.0,0.0
CCCCCC(CO)CCC,0.0,0.0,0.0,0.0,0.0,0.0,0.0,0.0,0.0,0.0,0.0,0.0
CC(C)CC(C)CC(=O)CC(C)C,0.0,0.0,0.0,0.0,0.0,0.0,0.0,0.0,0.0,0.0,0.0,0.0
Cl.[H][C@@]12CC3C(C(=O)C4=C(C=CC=C4O)[C@@]3(C)O)=C(O)[C@]1(O)C(=O)C(C(=O)NCN5CCCC5)=C(O)[C@H]2N(C)C,0.0,0.0,0.0,0.0,0.0,0.0,0.0,,0.0,,0.0,0.0
CCCCOCCO,0.0,0.0,0.0,0.0,0.0,0.0,0.0,0.0,0.0,0.0,0.0,0.0
CCOC(=O)N(C)N=O,0.0,0.0,0.0,0.0,0.0,0.0,0.0,0.0,0.0,0.0,0.0,0.0
C=O,0.0,0.0,0.0,0.0,0.0,0.0,0.0,0.0,0.0,0.0,,0.0
[H][C@@]12C[C@H]3OC(C)(C)O[C@@]3(C(=O)CO)[C@@]1(C)C[C@H](O)[C@@]4([H])[C@@]2([H])C[C@H](F)C5=CC(=O)CC[C@]45C,1.0,0.0,0.0,,0.0,,0.0,0.0,0.0,0.0,0.0,0.0
CC(Br)C(O)=O,0.0,0.0,0.0,0.0,0.0,0.0,0.0,0.0,0.0,0.0,0.0,0.0
CO[Si](CCCNC1=CC=CC=C1)(OC)OC,0.0,0.0,0.0,0.0,0.0,0.0,0.0,,0.0,,0.0,0.0
OC1=CC=C2C=CC=CC2=C1\N=N\C3=CC=CC=C3,0.0,0.0,1.0,0.0,1.0,0.0,0.0,1.0,0.0,0.0,1.0,0.0
CCOC(=O)CC#N,0.0,0.0,0.0,0.0,0.0,0.0,0.0,0.0,0.0,0.0,0.0,0.0
[Na+].[N-]1C=NC=N1,0.0,0.0,1.0,0.0,0.0,,0.0,0.0,0.0,0.0,0.0,0.0
COC1=CC=C(\C=N\NC(=O)C2=CC=NC=C2)C=C1OC,0.0,0.0,1.0,0.0,0.0,0.0,0.0,0.0,0.0,0.0,0.0,0.0
[I-].CCN1C=C[N+](C)=C1,0.0,0.0,0.0,0.0,0.0,0.0,0.0,0.0,0.0,0.0,0.0,0.0
NC1=NC(=O)N(C=C1)[C@H]2CC[C@@H](CO)O2,0.0,0.0,0.0,0.0,0.0,0.0,0.0,0.0,0.0,0.0,0.0,0.0
[H][C@@]12CC[C@H](O)[C@@]1(C)CC[C@@]3([H])[C@@]2([H])CCC4=C(Cl)C(=O)CC[C@]34C,1.0,1.0,0.0,,1.0,1.0,,,0.0,,,0.0
CCC[N+]1(C)CCCC1.FC(F)(F)S(=O)(=O)[N-]S(=O)(=O)C(F)(F)F,0.0,0.0,0.0,0.0,0.0,0.0,0.0,0.0,0.0,0.0,,0.0
CCC=O,0.0,0.0,0.0,0.0,0.0,0.0,0.0,0.0,0.0,0.0,0.0,0.0
ClC(Cl)=C(Cl)C(Cl)=C(Cl)Cl,0.0,0.0,0.0,0.0,0.0,0.0,0.0,0.0,0.0,0.0,0.0,0.0
CC1=C(N)C=C(C=C1)C(N)=O,0.0,0.0,0.0,0.0,0.0,0.0,0.0,0.0,0.0,0.0,0.0,0.0
CN1C(C2=CC=C(Cl)C=C2)S(=O)(=O)CCC1=O,0.0,0.0,0.0,0.0,0.0,0.0,0.0,0.0,0.0,0.0,0.0,0.0
CCC(C)Br,0.0,0.0,0.0,0.0,0.0,0.0,0.0,0.0,0.0,0.0,0.0,0.0
NC1=CC=CC=C1[N+]([O-])=O,0.0,0.0,0.0,0.0,0.0,0.0,0.0,0.0,0.0,0.0,,0.0
CC(C)C[C@H](NC(=O)[C@H](CC1=CC=CC=C1)NC(=O)C2=NC=CN=C2)B(O)O,0.0,0.0,0.0,1.0,,,,1.0,1.0,1.0,0.0,1.0
CN(C)C1=CC=C(C=C1)C(C2=CC=CC=C2)C3=CC=C(C=C3)N(C)C,0.0,0.0,0.0,,0.0,0.0,0.0,0.0,0.0,0.0,1.0,0.0
CC1(C)C(=C)[C@]2(Cl)C(Cl)[C@@]1(Cl)C(Cl)(Cl)C2(Cl)Cl,0.0,0.0,,,,,0.0,1.0,0.0,1.0,1.0,
S=C1NC=CC=N1,0.0,0.0,0.0,0.0,1.0,,0.0,,0.0,0.0,0.0,0.0
CC(CCOC(=O)C(C)=C)OC(=O)C(C)=C,0.0,0.0,0.0,0.0,0.0,0.0,0.0,0.0,0.0,0.0,,0.0
CC1=C(C=CC=C1C(O)=O)[N+]([O-])=O,0.0,0.0,0.0,0.0,0.0,0.0,0.0,0.0,0.0,1.0,0.0,0.0
CN(C)CCOC(=O)C=C,0.0,0.0,0.0,0.0,0.0,0.0,0.0,,0.0,0.0,0.0,0.0
CCCCCCOC(=O)C=C,0.0,0.0,0.0,0.0,0.0,0.0,0.0,0.0,0.0,0.0,0.0,0.0
Cl.CC(CCC1=CC=CC=C1)NCC(O)C2=CC(C(N)=O)=C(O)C=C2,0.0,0.0,0.0,0.0,0.0,0.0,0.0,,0.0,,0.0,0.0
OC1=CC=C(C(=O)C2=CC(O)=C(O)C=C2)C(O)=C1,0.0,0.0,1.0,1.0,1.0,1.0,0.0,,0.0,1.0,1.0,
CCCC(Cl)=O,0.0,0.0,0.0,0.0,0.0,0.0,0.0,0.0,0.0,0.0,0.0,0.0
OCCN(CCO)CCO.OC(=O)C1=C(O)C=CC=C1,0.0,0.0,0.0,0.0,0.0,0.0,0.0,0.0,0.0,0.0,0.0,0.0
CN(C)CC\C=C1/C2=CC=CC=C2SC3=C1C=C(Cl)C=C3,0.0,0.0,0.0,,0.0,0.0,0.0,,0.0,0.0,,
OC(=O)C1=C(C=CC=C1)C(=O)NC2=CC=CC3=C2C=CC=C3,0.0,0.0,1.0,,0.0,0.0,0.0,1.0,0.0,0.0,,0.0
COC1=CC=C(OC)C(NC(=O)CC(C)=O)=C1,0.0,0.0,1.0,0.0,0.0,0.0,0.0,0.0,0.0,0.0,,0.0
CC(C)(C)N(NC(=O)C1=CC=C(Cl)C=C1)C(=O)C2=CC=CC=C2,0.0,0.0,0.0,0.0,,0.0,0.0,0.0,0.0,0.0,1.0,0.0
CC1=CC[C@H](CC=O)C1(C)C,0.0,0.0,0.0,0.0,0.0,0.0,0.0,0.0,0.0,0.0,0.0,0.0
CCCCCCCCCCCCO,0.0,0.0,0.0,0.0,0.0,0.0,0.0,0.0,0.0,0.0,0.0,0.0
[O-][N+](=O)C(Br)Br,0.0,0.0,,,0.0,0.0,0.0,1.0,,0.0,1.0,
O=S1OCCO1,0.0,0.0,0.0,0.0,0.0,0.0,0.0,0.0,0.0,0.0,0.0,0.0
CC(=O)C1=C(C)N=C(C)S1,0.0,0.0,0.0,0.0,0.0,0.0,0.0,0.0,0.0,0.0,0.0,0.0
CN1N=CC(C(=O)C2=C(C)C(C3=NOCC3)=C(C=C2)S(C)(=O)=O)=C1O,0.0,0.0,,0.0,0.0,0.0,0.0,0.0,0.0,0.0,0.0,0.0
OC(=O)CCC(=O)NC1=CC=C(C=C1)S(=O)(=O)NC2=NC=CS2,0.0,0.0,0.0,0.0,0.0,0.0,0.0,0.0,0.0,0.0,0.0,0.0
OC1=NC=NC2=C1C=NN2,0.0,0.0,0.0,0.0,0.0,0.0,0.0,0.0,0.0,0.0,0.0,0.0
CCOP(=O)(NC(C)C)OC1=CC=C(SC)C(C)=C1,0.0,0.0,1.0,0.0,0.0,0.0,0.0,,0.0,0.0,0.0,0.0
[H][C@@]12CC[C@H](C(=O)NC3=CC(=CC=C3C(F)(F)F)C(F)(F)F)[C@@]1(C)CC[C@@]4([H])[C@@]2([H])CC[C@@]5([H])NC(=O)C=C[C@]45C,1.0,0.0,0.0,0.0,,0.0,0.0,,0.0,,,0.0
Br.CC(N)CC1=CC=C(O)C=C1,0.0,0.0,0.0,0.0,0.0,0.0,0.0,,0.0,,0.0,0.0
NC1=CC=NC=C1,0.0,0.0,0.0,0.0,0.0,0.0,0.0,0.0,0.0,0.0,0.0,0.0
COC1=CC=C(C=C1)C2=COC3=C(C=CC(O)=C3)C2=O,,0.0,1.0,,1.0,1.0,0.0,1.0,1.0,0.0,1.0,0.0
[Cl-].C[N+](C)(C)CCCl,0.0,0.0,0.0,0.0,0.0,,0.0,,0.0,0.0,0.0,0.0
CC([O-])=O.C[N+](C)(C)CCO,0.0,0.0,0.0,0.0,0.0,0.0,0.0,,0.0,,0.0,0.0
SC1=CC=CC=C1,0.0,0.0,0.0,,,0.0,0.0,0.0,0.0,0.0,0.0,0.0
OCCN(CCO)CCO.CCCCCCCCCCCCOS(O)(=O)=O,0.0,0.0,0.0,0.0,0.0,0.0,0.0,0.0,0.0,0.0,0.0,0.0
NC(=O)C1=CC=CC=C1[N+]([O-])=O,0.0,0.0,0.0,0.0,0.0,0.0,0.0,,0.0,0.0,,0.0
Cl.COCCCOC1=C(OC)C=CC(C[C@@H](C[C@H](N)[C@@H](O)C[C@@H](C(C)C)C(=O)NCC(C)(C)C(N)=O)C(C)C)=C1,0.0,0.0,0.0,0.0,0.0,0.0,0.0,0.0,0.0,0.0,0.0,0.0
O=C1NC2NC(=O)NC2N1,0.0,0.0,,0.0,0.0,0.0,0.0,0.0,0.0,0.0,0.0,0.0
CCCSP(=S)(OCC)OC1=CC=C(SC)C=C1,0.0,0.0,1.0,0.0,0.0,0.0,0.0,0.0,0.0,,,0.0
CCCCCCCCCCCCCC(=O)OCC,0.0,0.0,0.0,0.0,0.0,0.0,0.0,0.0,0.0,0.0,0.0,0.0
CC(=O)OCC(COC(C)=O)OC(C)=O,0.0,0.0,1.0,0.0,0.0,0.0,0.0,0.0,0.0,0.0,0.0,0.0
O.Cl.[H][C@]12CN(C[C@@]1([H])NCCC2)C3=C(F)C=C4C(=O)C(=CN(C5CC5)C4=C3OC)C(O)=O,0.0,0.0,0.0,0.0,0.0,0.0,0.0,,0.0,,0.0,0.0
CC1=CC=CC(=C1C(O)=O)[N+]([O-])=O,,0.0,0.0,0.0,0.0,0.0,0.0,0.0,0.0,0.0,0.0,0.0
CCC(=O)C1=CC(Cl)=CC=C1,0.0,0.0,0.0,0.0,0.0,0.0,0.0,0.0,0.0,0.0,,0.0
CC(C)C[C@@H]1NC(=O)[C@H](CCCN)NC(=O)[C@@H](NC(=O)[C@@H]2CCC[N@]2C(=O)[C@@H](CC3=CC=CC=C3)NC(=O)[C@H](CC(C)C)NC(=O)[C@H](CCCN)NC(=O)[C@@H](NC(=O)[C@@H]4CCC[N@]4C(=O)[C@@H](CC5=CC=CC=C5)NC1=O)C(C)C)C(C)C,0.0,,,,,0.0,1.0,,,,1.0,1.0
O=C1OC(=O)C2=C1C=CC=C2,,0.0,0.0,,0.0,0.0,0.0,0.0,0.0,0.0,0.0,0.0
Cl.CN1CCCC(CC2C3=C(SC4=C2C=CC=C4)C=CC=C3)C1,0.0,0.0,0.0,0.0,0.0,0.0,,,0.0,0.0,,0.0
CC(C)N1C(=O)N(CSC1=NC(C)(C)C)C2=CC=CC=C2,0.0,,0.0,,,0.0,,0.0,0.0,,,
NC1=NC(Cl)=NC(N)=N1,0.0,0.0,0.0,0.0,0.0,0.0,0.0,0.0,0.0,0.0,0.0,0.0
CC(C)(C)C(=O)NCCCC(O)=O,0.0,0.0,,0.0,0.0,0.0,0.0,0.0,0.0,0.0,0.0,0.0
NC(=O)CN1C(=O)C=C(CCN2CCN(CC2)C3=NC=CC4=C3C=CS4)C5=C1C=C(F)C=C5,0.0,0.0,,0.0,,0.0,0.0,,0.0,0.0,,0.0
CC1=CC(=CC=C1NC(=O)C2=CC=CC(I)=C2C(=O)NC(C)(C)CS(C)(=O)=O)C(F)(C(F)(F)F)C(F)(F)F,0.0,0.0,0.0,0.0,,0.0,,,0.0,1.0,1.0,0.0
Cl.COC1=CC(=CC(OC)=C1OC)C(CCCN(C)CCC2=CC(OC)=C(OC)C=C2)(C#N)C(C)C,0.0,0.0,0.0,0.0,0.0,0.0,0.0,0.0,0.0,0.0,0.0,0.0
CCOCCOCCOC(=O)C=C,0.0,0.0,0.0,0.0,0.0,0.0,0.0,1.0,0.0,,0.0,0.0
CN[C@@]1(CCCCC1=O)C2=CC=CC=C2Cl,0.0,0.0,0.0,0.0,0.0,0.0,0.0,,0.0,,0.0,0.0
[NH4+].CCCCCCCCCCCCOS([O-])(=O)=O,0.0,0.0,0.0,0.0,0.0,0.0,0.0,,0.0,0.0,,
CCOC(=O)C(Br)C1=CC=CC=C1,0.0,0.0,0.0,0.0,0.0,0.0,0.0,,0.0,0.0,0.0,0.0
CC(C)(O)CCC1=CC=CC=C1,0.0,0.0,0.0,0.0,0.0,0.0,0.0,0.0,0.0,0.0,0.0,0.0
[K+].OC1=CC=C(O)C(=C1)S([O-])(=O)=O,0.0,0.0,,0.0,0.0,0.0,0.0,,0.0,0.0,0.0,0.0
ClC1=C(Cl)N=CC(=C1)C(Cl)(Cl)Cl,0.0,0.0,0.0,,0.0,0.0,0.0,,1.0,,,0.0
CCC\C=C\C=O,0.0,0.0,0.0,0.0,0.0,0.0,0.0,0.0,0.0,0.0,0.0,0.0
CCC1=CC(OC)=C(O)C=C1,0.0,0.0,0.0,0.0,0.0,0.0,0.0,0.0,0.0,0.0,0.0,0.0
NC1=CC=C2C(=O)C3=C(C=CC=C3)C(=O)C2=C1,0.0,0.0,1.0,,1.0,0.0,0.0,1.0,1.0,0.0,1.0,0.0
[Hg](C1=CC=CC=C1)C2=CC=CC=C2,0.0,0.0,,,,0.0,,,1.0,0.0,1.0,
CC(C)C(=O)OCC=CC1=CC=CC=C1,0.0,0.0,0.0,0.0,0.0,0.0,0.0,0.0,0.0,0.0,0.0,0.0
OC1=CC2=C(C=C1)C3=C(C2)C=CC=C3,1.0,0.0,,,1.0,1.0,0.0,1.0,,0.0,,1.0
CC1=CC(=CC(C)=C1)[N+]([O-])=O,0.0,0.0,0.0,0.0,0.0,0.0,0.0,0.0,0.0,0.0,0.0,0.0
FC1=CC=CC=C1C2=CC=CC=C2,0.0,0.0,0.0,0.0,0.0,0.0,0.0,0.0,0.0,0.0,0.0,0.0
CCN1C=C[N+](C)=C1.FC(F)(F)S(=O)(=O)[N-]S(=O)(=O)C(F)(F)F,0.0,0.0,0.0,0.0,0.0,0.0,0.0,0.0,0.0,0.0,,0.0
CCOP(=O)(OCC)OC1=CC=C(C=C1)[N+]([O-])=O,0.0,0.0,0.0,1.0,0.0,0.0,0.0,,0.0,0.0,0.0,0.0
COS([O-])(=O)=O.C[N+]1(C)CCCCC1COC(=O)C(O)(C2=CC=CC=C2)C3=CC=CC=C3,0.0,0.0,0.0,0.0,0.0,0.0,0.0,,0.0,,,0.0
CC=CC(O)=O,0.0,0.0,0.0,0.0,0.0,0.0,0.0,0.0,0.0,0.0,0.0,0.0
CC(O)(C1=CC=C(Cl)C=C1)C2=CC=C(Cl)C=C2,0.0,0.0,0.0,,0.0,0.0,,,0.0,0.0,1.0,0.0
Cl.OC1=CN2CC3=C(NC2=N1)C=CC(Cl)=C3Cl,0.0,0.0,0.0,0.0,0.0,0.0,0.0,,0.0,0.0,0.0,0.0
OC1=C(CC=C)C=C(C=C1)S(=O)(=O)C2=CC(CC=C)=C(O)C=C2,0.0,,1.0,1.0,,0.0,,,0.0,0.0,1.0,0.0
Cl.COC(=O)C(C1CCCCN1)C2=CC=CC=C2,0.0,0.0,0.0,0.0,0.0,0.0,0.0,0.0,0.0,0.0,0.0,0.0
CCNC(=O)C(C)OC(=O)NC1=CC=CC=C1,0.0,0.0,0.0,0.0,0.0,0.0,0.0,0.0,0.0,0.0,0.0,0.0
[H][C@@]12CC[C@](OC(=O)CCCC)(C(=O)CO)[C@@]1(C)C[C@H](O)[C@@]3([H])[C@@]2([H])CCC4=CC(=O)CC[C@]34C,1.0,1.0,0.0,,0.0,,0.0,0.0,0.0,0.0,0.0,0.0
Cl.COC1=CC(CC(C)C)=CC(OC)=C1OC,0.0,0.0,0.0,0.0,0.0,0.0,,0.0,0.0,0.0,0.0,0.0
[O-][N+](=O)C1=CC=C(OC2=CC=C(C=C2)N=C=S)C=C1,0.0,0.0,0.0,1.0,,0.0,,,0.0,,,1.0
ClC1=CC=CC(Cl)=C1N2C(=O)CC3=C2C=CC=C3,0.0,0.0,0.0,,1.0,1.0,0.0,1.0,0.0,0.0,,0.0
[K+].[O-]Cl(=O)(=O)=O,0.0,0.0,0.0,0.0,1.0,0.0,0.0,0.0,0.0,0.0,,0.0
Cl.CC(C)NC(=N)NC(=N)NC1=CC=C(Cl)C=C1,0.0,0.0,0.0,0.0,0.0,0.0,0.0,0.0,0.0,0.0,0.0,0.0
COS([O-])(=O)=O.COS([O-])(=O)=O.CC1(C)C2CCC1(C)C[N+](C)(CCC[N+](C)(C)C)C2,0.0,0.0,0.0,0.0,0.0,0.0,0.0,,0.0,,0.0,0.0
CON=C(C(=O)OC)C1=C(CON=C(C)C2=CC(=CC=C2)C(F)(F)F)C=CC=C1,0.0,,,,,,,1.0,0.0,0.0,,1.0
NCCOS(O)(=O)=O,0.0,0.0,0.0,0.0,0.0,0.0,0.0,0.0,0.0,0.0,0.0,0.0
NCC(CC(O)=O)C1=CC=C(Cl)C=C1,0.0,0.0,0.0,0.0,0.0,0.0,0.0,0.0,0.0,0.0,0.0,0.0
[H][C@@]12CC[C@@](O)(C#C)[C@@]1(C)CC[C@]3([H])C4=C(CC[C@@]23[H])CC(=O)CC4,1.0,1.0,0.0,0.0,1.0,1.0,0.0,,0.0,,0.0,0.0
O=C1CCCC(=O)C1,0.0,0.0,0.0,0.0,,0.0,0.0,0.0,0.0,0.0,0.0,0.0
OC1=CC=C(C=C1)C2=CC=C(O)C=C2,0.0,0.0,0.0,,1.0,1.0,,1.0,1.0,0.0,1.0,1.0
OC(=O)CCSSCCC(O)=O,0.0,0.0,0.0,0.0,0.0,0.0,0.0,0.0,0.0,0.0,0.0,0.0
CCCCC(CC)COC(=O)\C=C/C(=O)OCC(CC)CCCC,0.0,0.0,0.0,0.0,0.0,0.0,0.0,1.0,0.0,0.0,0.0,0.0
CCCCCC[C@@H](O)C\C=C/CCCCCCCC(=O)OCC(O)CO,0.0,0.0,0.0,0.0,0.0,0.0,0.0,,0.0,0.0,0.0,0.0
CN1C(=O)N(C(=O)C=C1C(F)(F)F)C2=CC(C(=O)OC(C)(C)C(=O)OCC=C)=C(Cl)C=C2,0.0,0.0,,0.0,0.0,0.0,0.0,,0.0,0.0,0.0,0.0
ClC1=CC=C(C=O)C=C1Cl,0.0,0.0,0.0,0.0,0.0,0.0,0.0,0.0,0.0,0.0,,0.0
CCCCOCNC(=O)C=C,0.0,0.0,0.0,0.0,0.0,0.0,0.0,1.0,0.0,0.0,0.0,0.0
CC1=CC=C2C(C=CC3=CC=CC=C23)=C1,0.0,0.0,,,,0.0,0.0,0.0,0.0,0.0,,0.0
ClC1=C(Cl)C(Cl)=C(Cl)C(Cl)=C1Cl,0.0,0.0,0.0,0.0,0.0,0.0,0.0,0.0,0.0,0.0,,0.0
OC(=O)C1=CC(Br)=C(O)C(Br)=C1,0.0,0.0,0.0,,0.0,0.0,0.0,0.0,0.0,0.0,0.0,0.0
COP(=O)(OC)OC1=CC=C(C=C1)[N+]([O-])=O,0.0,0.0,0.0,1.0,0.0,0.0,0.0,,0.0,,0.0,0.0
CC(C)(CO)[C@@H](O)C(=O)NCCCO,0.0,0.0,0.0,0.0,0.0,0.0,0.0,0.0,0.0,0.0,0.0,0.0
ClC1=CC=C2OC3=C(C=CC=C3)N=C(N4CCNCC4)C2=C1,0.0,0.0,0.0,1.0,0.0,,0.0,0.0,0.0,,,
[Br-].CCCC[N+]1=CC=CC=C1,0.0,0.0,0.0,0.0,0.0,0.0,0.0,0.0,0.0,0.0,0.0,0.0
CC1(C)S[C@@H]2[C@H](\N=C\N3CCCCCC3)C(=O)N2[C@H]1C(O)=O,1.0,0.0,0.0,,0.0,0.0,0.0,0.0,0.0,0.0,0.0,0.0
CNCCO,0.0,0.0,0.0,0.0,0.0,0.0,0.0,0.0,0.0,0.0,0.0,0.0
[H]C(=O)C(C)CC1=CC2=C(OCO2)C=C1,0.0,0.0,,0.0,0.0,0.0,0.0,0.0,0.0,0.0,0.0,0.0
COC(=O)[C@H](CC1=CC=CC=C1)NC(=O)[C@@H](N)CC(O)=O,0.0,0.0,1.0,0.0,0.0,0.0,0.0,0.0,0.0,0.0,,0.0
NC1=CC=C(C=C1)S(=O)(=O)NC(=O)C2=CC=CC=C2,0.0,0.0,0.0,0.0,0.0,0.0,0.0,0.0,0.0,0.0,0.0,0.0
ClC1=CC=C(Cl)C=C1,0.0,0.0,0.0,0.0,0.0,0.0,0.0,0.0,0.0,0.0,0.0,0.0
CN[C@]1(CCCCC1=O)C2=CC=CC=C2Cl,0.0,0.0,0.0,0.0,0.0,0.0,0.0,,0.0,,0.0,0.0
CCOP(=S)(NC(C)C)OC1=CC=CC=C1C(=O)OC(C)C,0.0,0.0,1.0,1.0,0.0,0.0,0.0,,0.0,0.0,,0.0
[H][C@@]12C[C@H]3OC(C)(C)O[C@@]3(C(=O)CO)[C@@]1(C)C[C@H](O)[C@@]4([H])[C@@]2([H])CCC5=CC(=O)C=C[C@]45C,1.0,0.0,0.0,,1.0,0.0,0.0,0.0,,0.0,0.0,0.0
[Br-].CCCCCCCCOC1=CC=CC=C1C(=O)NC2=CC=C(C=C2)C(=O)OCC[N+](C)(CC)CC,0.0,0.0,0.0,0.0,0.0,0.0,,,0.0,,,
[Na+].CN1C(CC([O-])=O)=CC(C)=C1C(=O)C2=CC=C(Cl)C=C2,0.0,0.0,0.0,0.0,0.0,0.0,0.0,1.0,0.0,0.0,0.0,0.0
O=C(OCCC1=CC=CC=C1)C2=CC=CC=C2,0.0,0.0,0.0,,1.0,0.0,0.0,0.0,1.0,0.0,0.0,0.0
[H][C@@]12CC[C@H](OC(=O)CC)[C@@]1(C)CC[C@]3([H])C4=CC=C(OC(=O)CC)C=C4CC[C@@]23[H],1.0,1.0,0.0,,1.0,1.0,0.0,,0.0,,0.0,
COC(=O)C1=C(Cl)C=CC=C1,0.0,0.0,0.0,0.0,0.0,0.0,0.0,0.0,0.0,0.0,0.0,0.0
[Na+].CCCCCCCCCC(CC)C1=CC=C(C=C1)S([O-])(=O)=O,0.0,0.0,0.0,0.0,0.0,0.0,0.0,0.0,0.0,0.0,0.0,0.0
[Na+].CCN(CC)C1=CC2=[O+]C3=C(C=C(C)C(=C3)N(CC)CC)C(=C2C=C1C)C4=C(C=C(C=C4)S([O-])(=O)=O)S([O-])(=O)=O,0.0,0.0,0.0,,,0.0,0.0,0.0,0.0,0.0,,0.0
FC(F)(F)C1=CC(CC#N)=CC=C1,0.0,0.0,0.0,0.0,0.0,0.0,0.0,0.0,0.0,,0.0,0.0
[Na+].NC1=CC=C(C=C1)[As](O)([O-])=O,0.0,0.0,0.0,0.0,0.0,0.0,0.0,0.0,0.0,0.0,0.0,0.0
CC1=CC=C(C)C(O)=C1C,0.0,0.0,0.0,0.0,0.0,0.0,0.0,0.0,0.0,0.0,0.0,0.0
[O-][N+](=NC1=CC=CC=C1)C2=CC=CC=C2,0.0,0.0,1.0,,1.0,0.0,0.0,1.0,0.0,0.0,1.0,0.0
[Na+].[O-]C(=O)C1=C(C=CC(OC2=CC=C(C=C2Cl)C(F)(F)F)=C1)[N+]([O-])=O,0.0,0.0,0.0,0.0,0.0,0.0,0.0,0.0,0.0,0.0,0.0,0.0
[Na+].[O-]S(=O)(=O)C(CC(=O)OC1CCCCC1)C(=O)OC2CCCCC2,0.0,0.0,0.0,0.0,0.0,0.0,0.0,0.0,0.0,0.0,0.0,0.0
CC(COCCO)OCCO,0.0,0.0,0.0,0.0,0.0,0.0,0.0,0.0,0.0,0.0,0.0,0.0
[Na+].[O-]C1=CC=C(C=C1)[N+]([O-])=O,0.0,0.0,0.0,,0.0,0.0,0.0,0.0,0.0,0.0,1.0,0.0
CCCCOC(=O)CCC(C)=O,0.0,0.0,0.0,0.0,0.0,0.0,0.0,0.0,0.0,0.0,0.0,0.0
CC(C)(C)C1=CC(CC2=CC(=C(O)C(=C2)C(C)(C)C)C(C)(C)C)=CC(=C1O)C(C)(C)C,0.0,0.0,0.0,0.0,0.0,0.0,0.0,0.0,0.0,0.0,0.0,0.0
C1=CC=C(C=C1)B(C2=CC=CC=C2)C3=CC=CC=C3,0.0,0.0,1.0,0.0,1.0,1.0,0.0,,,0.0,1.0,0.0
ClC(=O)C1=CC(Cl)=CC(Cl)=C1,0.0,0.0,0.0,0.0,0.0,0.0,0.0,0.0,0.0,0.0,,0.0
CN1C(=O)C(=NNC(N)=S)C2=C1C=CC=C2,0.0,0.0,1.0,,0.0,0.0,1.0,,0.0,,1.0,0.0
CC(COC1=CC=C(OC2=CC=CC=C2)C=C1)OC3=NC=CC=C3,0.0,0.0,,,,0.0,0.0,1.0,0.0,0.0,,0.0
SC1CCCCC1,0.0,0.0,0.0,0.0,0.0,0.0,0.0,0.0,0.0,0.0,,0.0
CCCCCC(O)=O,0.0,0.0,0.0,0.0,0.0,0.0,0.0,0.0,0.0,0.0,0.0,0.0
[H][C@]12CC3=C(NC4=C3C=CC=C4)[C@]([H])(N1C(=O)CN(C)C2=O)C5=CC=C6OCOC6=C5,0.0,0.0,0.0,0.0,0.0,0.0,0.0,0.0,0.0,0.0,,0.0
CC(C)=CC1C(C(=O)OCC2=COC(CC3=CC=CC=C3)=C2)C1(C)C,0.0,0.0,0.0,0.0,0.0,0.0,,1.0,0.0,1.0,,0.0
CCCCC\C=C/C=C/C(=O)OCC,0.0,0.0,0.0,,0.0,0.0,,,0.0,,1.0,
CCC(C)NC(N)=O,0.0,0.0,0.0,0.0,0.0,0.0,0.0,0.0,0.0,0.0,0.0,0.0
[H][C@@]12CC[C@@](O)(C#C)[C@@]1(C)CC[C@]3([H])C4=C(CC[C@@]23[H])C=C(OC)C=C4,0.0,0.0,0.0,0.0,1.0,1.0,0.0,1.0,0.0,0.0,0.0,0.0
COC1=CC=C(C=C1[N+]([O-])=O)C(=O)NC2=CC=CC=C2,0.0,0.0,1.0,,1.0,0.0,0.0,,0.0,0.0,1.0,0.0
CC(C)C1=CC=C(C)C=C1,0.0,0.0,0.0,0.0,0.0,0.0,0.0,0.0,0.0,0.0,0.0,0.0
CC(C)(C)N(CCO)CCO,0.0,0.0,0.0,,0.0,0.0,0.0,0.0,0.0,0.0,0.0,0.0
CC1=CC=C(C=C1)C(C)(C)C,0.0,0.0,0.0,0.0,0.0,0.0,0.0,0.0,0.0,0.0,0.0,0.0
CCC(=O)C1=CC=C(O)C=C1,0.0,0.0,0.0,0.0,0.0,0.0,0.0,,0.0,0.0,0.0,0.0
CCO[Si](OCC)(OCC)C=C,0.0,0.0,0.0,0.0,0.0,0.0,0.0,0.0,0.0,0.0,,0.0
NC1=CC(=NC(N)=[N+]1[O-])N2CCCCC2,0.0,0.0,0.0,0.0,0.0,0.0,0.0,0.0,0.0,0.0,0.0,0.0
[H][C@]12SCC(CN3N=NC(C)=N3)=C(N1C(=O)[C@@]2([H])NC(=O)C(=N\OC)\C4=CSC(N)=N4)C(O)=O,0.0,0.0,0.0,0.0,0.0,0.0,0.0,0.0,0.0,0.0,0.0,0.0
CCCCCCCCCCl,0.0,0.0,0.0,0.0,1.0,0.0,0.0,0.0,0.0,0.0,0.0,0.0
CCC(C)C1=CC=CC(C(C)CC)=C1O,0.0,0.0,0.0,,0.0,0.0,0.0,0.0,0.0,0.0,1.0,0.0
CC(C)\N=C1\C=C2N(C3=CC=C(Cl)C=C3)C4=CC=CC=C4N=C2C=C1NC5=CC=C(Cl)C=C5,0.0,0.0,0.0,0.0,0.0,0.0,0.0,,0.0,,0.0,0.0
CI.OC1=C2O[C@H]3C(=O)CC[C@@]4(O)[C@H]5CC(C=C1)=C2[C@@]34CCN5CC=C,0.0,0.0,0.0,0.0,,0.0,0.0,,0.0,,0.0,0.0
Cl.CC(CC1=CC=CC=C1)(NC(=O)CN)C2=CC=CC=C2,0.0,0.0,0.0,0.0,0.0,0.0,0.0,0.0,0.0,0.0,,0.0
CN1C2=C(C=C(Cl)C=C2)C(=NCC1=O)C3=CC=CC=C3,0.0,0.0,0.0,,,0.0,0.0,0.0,1.0,0.0,0.0,0.0
C1CS1,0.0,0.0,0.0,0.0,0.0,0.0,0.0,0.0,0.0,0.0,0.0,0.0
CCN(CC)CCNC(=O)C1=CC(Br)=C(N)C=C1OC,0.0,0.0,,0.0,0.0,0.0,0.0,0.0,0.0,0.0,0.0,0.0
CNC(=O)CSP(=O)(OC)OC,0.0,0.0,0.0,0.0,0.0,0.0,0.0,0.0,0.0,0.0,0.0,0.0
CC(C)(C)C1=CC=C(C=O)C=C1,0.0,0.0,0.0,0.0,0.0,0.0,0.0,0.0,0.0,0.0,0.0,0.0
Cl.ClC1=CC=C(OCC(=O)N2CCN(CC3=CC4=C(OCO4)C=C3)CC2)C=C1,0.0,0.0,0.0,0.0,,0.0,0.0,1.0,0.0,0.0,0.0,0.0
CC1=NC=C(N=C1)C(=O)NCCC2=CC=C(C=C2)S(=O)(=O)NC(=O)NC3CCCCC3,0.0,0.0,0.0,0.0,0.0,0.0,0.0,1.0,0.0,0.0,0.0,0.0
CCN(CC1=CC=CC=C1)C2=CC=CC=C2,0.0,0.0,0.0,0.0,0.0,0.0,0.0,0.0,0.0,0.0,,0.0
O[Sn](C1=CC=CC=C1)(C2=CC=CC=C2)C3=CC=CC=C3,0.0,1.0,,,,1.0,,,1.0,1.0,1.0,
CCCCCCCCOC(=O)C1=CC(O)=C(O)C(O)=C1,0.0,,,,,,,,0.0,,,1.0
NNS(=O)(=O)C1=CC=C(OC2=CC=C(C=C2)S(=O)(=O)NN)C=C1,0.0,0.0,,0.0,0.0,0.0,0.0,0.0,0.0,0.0,0.0,0.0
CCOC(=O)C1=CN=CN1C(C)C2=CC=CC=C2,0.0,0.0,0.0,0.0,0.0,0.0,0.0,0.0,0.0,0.0,,0.0
ClCCOP(=O)(OCCCl)OCCCl,0.0,0.0,0.0,0.0,0.0,0.0,0.0,0.0,0.0,0.0,0.0,0.0
C1C2OC2C3C4CC(C5OC45)C13,0.0,0.0,0.0,0.0,0.0,0.0,0.0,0.0,0.0,0.0,0.0,0.0
OC1=CC=CC=C1S(O)(=O)=O,0.0,0.0,0.0,0.0,0.0,0.0,0.0,0.0,0.0,0.0,0.0,0.0
CC(C)N(C(C)C)C1=CC=CC=C1,0.0,0.0,0.0,0.0,0.0,0.0,0.0,0.0,0.0,0.0,0.0,0.0
CCCCCCCCCCCCOC(C)=O,0.0,0.0,,0.0,0.0,0.0,0.0,0.0,0.0,0.0,0.0,0.0
CC(=O)NC1=CC=C(C=C1)C(O)=O,0.0,0.0,0.0,0.0,0.0,0.0,0.0,0.0,0.0,0.0,0.0,0.0
CO,0.0,0.0,0.0,0.0,0.0,0.0,0.0,0.0,0.0,0.0,0.0,0.0
CC(C)=C[C@@H]1[C@@H](C(=O)O[C@H]2CC(=O)C(CC=C)=C2C)C1(C)C,0.0,0.0,0.0,,,0.0,,,0.0,,,
Cl.CNCCC(OC1=CC=C(C=C1)C(F)(F)F)C2=CC=CC=C2,0.0,,,,,0.0,,,0.0,0.0,,
CS(O)(=O)=O.C#CCN[C@@H]1CCC2=CC=CC=C12,0.0,0.0,0.0,0.0,0.0,0.0,0.0,0.0,0.0,0.0,0.0,0.0
O=C=NC1CCCCC1,0.0,0.0,,,1.0,0.0,0.0,0.0,0.0,0.0,,0.0
CC(=O)OC[C@H]1O[C@@](COC(C)=O)(O[C@H]2O[C@H](COC(C)=O)[C@@H](OC(C)=O)[C@H](OC(C)=O)[C@H]2OC(C)=O)[C@@H](OC(C)=O)[C@@H]1OC(C)=O,0.0,0.0,0.0,0.0,0.0,0.0,0.0,0.0,0.0,0.0,0.0,0.0
CN1C(O)=NC(=O)C(C)(C1=O)C2=CCCCC2,0.0,0.0,0.0,0.0,0.0,0.0,0.0,0.0,0.0,0.0,0.0,0.0
FC(Cl)(Cl)Cl,1.0,1.0,0.0,0.0,0.0,0.0,0.0,0.0,0.0,0.0,,0.0
CC(O)CN(CCN(CC(C)O)CC(C)O)CC(C)O,0.0,0.0,0.0,0.0,0.0,0.0,0.0,0.0,0.0,0.0,0.0,0.0
CCCCCCCCCCCCCCCC(=O)OC(C)C,0.0,0.0,0.0,0.0,0.0,0.0,0.0,0.0,0.0,0.0,0.0,0.0
CCCC1CCOC(C)S1,0.0,0.0,0.0,0.0,0.0,0.0,0.0,0.0,0.0,0.0,0.0,0.0
CN1CCN(CC1)C2=NC3=C(SC4=C2C=C(Cl)C=C4)C=CC=C3,0.0,0.0,,0.0,0.0,0.0,,0.0,0.0,0.0,,0.0
CCN(CCO)C1=CC(C)=CC=C1,0.0,0.0,0.0,0.0,0.0,0.0,0.0,0.0,0.0,0.0,0.0,0.0
CN1C2=C(N(CCO)C=N2)C(=O)N(C)C1=O,0.0,0.0,0.0,0.0,0.0,0.0,0.0,0.0,0.0,0.0,0.0,0.0
CC(=O)NC1=C(C)C=CC=C1,0.0,0.0,0.0,0.0,0.0,0.0,0.0,0.0,0.0,0.0,0.0,0.0
CCOC(=O)CC(=O)OCC,0.0,0.0,,0.0,0.0,0.0,0.0,0.0,0.0,0.0,0.0,0.0
N[C@@H](CC1=CC(I)=C(OC2=CC(I)=C(O)C=C2)C(I)=C1)C(O)=O,0.0,0.0,1.0,0.0,1.0,0.0,0.0,0.0,0.0,0.0,1.0,0.0
OC1=CC2=C(C(=O)C=C(O2)C3=CC=CC=C3)C(O)=C1,0.0,0.0,1.0,,1.0,1.0,1.0,1.0,0.0,,1.0,
[Na+].[O-]Cl(=O)=O,0.0,0.0,0.0,0.0,0.0,0.0,0.0,0.0,0.0,0.0,0.0,0.0
[Na+].[O-]C(=O)C=C,0.0,0.0,0.0,0.0,0.0,0.0,0.0,,0.0,0.0,,0.0
CCC(C)OC(=O)C1=CC=C(O)C=C1,0.0,0.0,1.0,,1.0,1.0,0.0,0.0,0.0,0.0,,0.0
CCO[Si](CCCN)(OCC)OCC,0.0,0.0,0.0,0.0,0.0,0.0,0.0,0.0,0.0,0.0,0.0,0.0
[Na+].[O-]S(=O)(=O)CC=C,0.0,0.0,0.0,0.0,0.0,0.0,0.0,0.0,0.0,0.0,0.0,0.0
[H][C@@]12CC[C@](O)(C(=O)CO)[C@@]1(C)C[C@H](O)[C@@]3([H])[C@@]2([H])C[C@H](C)C4=CC(=O)C=C[C@]34C,1.0,1.0,0.0,,0.0,0.0,0.0,0.0,0.0,0.0,0.0,0.0
CCCCCCCCCCCCCOP(O)(O)=O,0.0,0.0,0.0,,0.0,0.0,,,0.0,,,
CC(C)(C)NCC(O)COC1=CC=C(NC(=O)NC2CCCCC2)C=C1,0.0,0.0,,,,0.0,0.0,0.0,0.0,0.0,,0.0
CCC1=NC=NC2=CC(OC)=C(OC)C=C12,0.0,0.0,0.0,0.0,0.0,0.0,0.0,,0.0,,0.0,0.0
O=CO[Al](OC=O)OC=O,0.0,0.0,0.0,0.0,0.0,0.0,0.0,0.0,0.0,0.0,,0.0
C[Si](NC1CCCCC1)(NC2CCCCC2)NC3CCCCC3,0.0,0.0,0.0,0.0,0.0,0.0,0.0,0.0,0.0,0.0,0.0,0.0
C[C@H]1[C@@H](SC(=O)N1C(=O)NC2CCCCC2)C3=CC=C(Cl)C=C3,0.0,0.0,0.0,0.0,,0.0,,1.0,0.0,0.0,,0.0
COC1=CC=C(COC(C)=O)C=C1,0.0,0.0,0.0,0.0,0.0,0.0,0.0,0.0,0.0,0.0,0.0,0.0
NC(=N)NC#N,0.0,0.0,0.0,0.0,0.0,0.0,0.0,0.0,0.0,0.0,0.0,0.0
CC(C)(C)CC(C)(C)C1=CC=C(O)C(CC2=CC=C(Cl)C=C2Cl)=C1,0.0,,0.0,0.0,,,,,0.0,,1.0,
CCCCC(=O)OCC(=O)[C@@]1(O)C[C@H](O[C@H]2C[C@H](NC(=O)C(F)(F)F)[C@H](O)[C@H](C)O2)C3=C(C1)C(O)=C4C(=O)C5=C(C(=O)C4=C3O)C(OC)=CC=C5,0.0,1.0,0.0,,,,0.0,,1.0,,1.0,1.0
COC1=CC=C(CCN(C)CCCC(C#N)(C(C)C)C2=CC=C(OC)C(OC)=C2)C=C1OC,0.0,0.0,0.0,0.0,,0.0,,0.0,0.0,0.0,,0.0
CC#CC1=CC(C)=NC(NC2=CC=CC=C2)=N1,0.0,0.0,1.0,,,0.0,0.0,1.0,0.0,0.0,,0.0
CC(C)(CO)CO,0.0,0.0,0.0,0.0,0.0,0.0,0.0,0.0,0.0,0.0,0.0,0.0
O.O.[Cl-].[Cl-].[Ba++],0.0,0.0,0.0,0.0,0.0,0.0,0.0,0.0,0.0,0.0,1.0,0.0
[K+].OC1=CC2=C(C=C1)C=C(C=C2)S([O-])(=O)=O,0.0,0.0,0.0,0.0,0.0,0.0,0.0,0.0,0.0,0.0,0.0,0.0
[Na+].NC1=CC=C(C([O-])=O)C(O)=C1,0.0,0.0,0.0,0.0,0.0,0.0,0.0,0.0,0.0,0.0,0.0,0.0
CCOC(=O)C(=C)C#N,0.0,0.0,0.0,,0.0,0.0,0.0,0.0,0.0,0.0,0.0,0.0
COC1=C(C=CC(=C1)S(C)=O)C2=NC3=C(N2)C=CC=N3,0.0,0.0,,0.0,0.0,0.0,0.0,,0.0,,0.0,0.0
[H][C@@]1([C@H](O)[C@H](C)C\C=C\C)N(C)C(=O)[C@H](C(C)C)N(C)C(=O)[C@H](CC(C)C)N(C)C(=O)[C@H](CC(C)C)N(C)C(=O)[C@@H](C)NC(=O)[C@H](C)NC(=O)[C@H](CC(C)C)N(C)C(=O)[C@@H](NC(=O)[C@H](CC(C)C)N(C)C(=O)CN(C)C(=O)[C@H](CC)NC1=O)C(C)C,0.0,,0.0,0.0,0.0,0.0,,1.0,0.0,0.0,,0.0
OC1=C(Cl)C=C(Cl)C=C1S(=O)C2=CC(Cl)=CC(Cl)=C2O,0.0,0.0,0.0,0.0,0.0,0.0,,,0.0,1.0,,1.0
CCCCCC(CC)OC(=O)CCCOC1=C(Cl)C=C(Cl)C=C1,0.0,0.0,0.0,0.0,0.0,0.0,0.0,0.0,0.0,0.0,0.0,0.0
[O-][N+](=O)C1=C(Cl)C=CC=C1,,0.0,0.0,0.0,,0.0,0.0,0.0,0.0,0.0,0.0,0.0
[Na+].[O-]Br(=O)=O,0.0,0.0,0.0,0.0,0.0,0.0,0.0,0.0,0.0,0.0,,0.0
CCN(C(=O)C=CC)C1=CC=CC=C1C,0.0,0.0,0.0,0.0,0.0,0.0,0.0,0.0,0.0,0.0,0.0,0.0
C[C@H](CCO)CCCC(C)=C,0.0,0.0,0.0,0.0,0.0,0.0,0.0,0.0,0.0,0.0,0.0,0.0
CC1=CC=C(N)C(N)=C1,0.0,0.0,1.0,0.0,1.0,1.0,0.0,1.0,1.0,1.0,,0.0
CC(C)(C1CCC(O)CC1)C2CCC(O)CC2,0.0,0.0,0.0,0.0,1.0,,0.0,0.0,0.0,0.0,,0.0
CC1(C)N(Cl)C(=O)N(Br)C1=O,0.0,0.0,0.0,0.0,0.0,0.0,0.0,1.0,0.0,0.0,,0.0
FC(F)(F)C1=CC(NC2=C(C=CC=N2)C(=O)OC3OC(=O)C4=C3C=CC=C4)=CC=C1,0.0,,0.0,0.0,0.0,0.0,0.0,,0.0,0.0,1.0,0.0
[Na+].CN(C)C(=O)CCSC(SCCC([O-])=O)C1=CC(\C=C\C2=NC3=CC(Cl)=CC=C3C=C2)=CC=C1,0.0,,1.0,,1.0,0.0,,,1.0,,,
COC1=C(O)C=CC(C=O)=C1,0.0,0.0,0.0,0.0,0.0,0.0,0.0,0.0,0.0,0.0,0.0,0.0
CC(C)OC(=O)C(C)(C)OC1=CC=C(C=C1)C(=O)C2=CC=C(Cl)C=C2,0.0,0.0,0.0,0.0,0.0,0.0,0.0,,0.0,0.0,0.0,0.0
NC1=C(C=CC=C1)C(=O)OC2=CC3=C(C=CC=C3)C=C2,,0.0,1.0,,1.0,0.0,0.0,1.0,1.0,0.0,1.0,0.0
[N-]=C=NC#N.CCCC[N+]1(C)CCCC1,0.0,0.0,,0.0,,0.0,,0.0,0.0,0.0,0.0,0.0
O=CC1=CC=CC=C1C=O,0.0,1.0,0.0,,1.0,0.0,,0.0,1.0,0.0,1.0,1.0
CC1=CC=CC(C)=C1NC(=O)CN2CCN(CCCC(C3=CC=C(F)C=C3)C4=CC=C(F)C=C4)CC2,0.0,0.0,0.0,0.0,0.0,0.0,,,0.0,,,0.0
CC(C)(C)NSC1=NC2=C(S1)C=CC=C2,0.0,0.0,1.0,1.0,0.0,0.0,,1.0,0.0,1.0,1.0,0.0
COC1=CC(=CC(OC)=C1OC)C(=O)N2CCCCCCC2,0.0,0.0,0.0,0.0,0.0,0.0,0.0,0.0,0.0,0.0,,0.0
[O-][N+](=O)C1=CC=C(OC2=C(C=C(C=C2)C(F)(F)F)[N+]([O-])=O)C=C1,0.0,0.0,1.0,,,0.0,0.0,,0.0,,1.0,0.0
[H][C@@]1(CC(=O)C2=C3CC[C@@]4([H])C[C@@H](O)CC[C@]4(C)[C@@]3([H])CC[C@]12C)[C@H](C)CCCC(C)C,0.0,0.0,0.0,0.0,0.0,0.0,0.0,,0.0,,0.0,0.0
CCC(C)C(C)=O,0.0,0.0,0.0,0.0,1.0,0.0,0.0,0.0,0.0,0.0,0.0,0.0
OCCN(CCO)C=O,0.0,0.0,0.0,0.0,0.0,0.0,0.0,0.0,0.0,0.0,0.0,0.0
CC(C)CCCC(C)CCCC(C)CCCC(C)(O)C=C,0.0,0.0,0.0,0.0,0.0,0.0,0.0,0.0,0.0,0.0,0.0,0.0
[Na+].CC1=CC=C(C)C(=C1)S([O-])(=O)=O,0.0,0.0,0.0,0.0,,0.0,0.0,0.0,0.0,0.0,,0.0
CC(C)OB(OC(C)C)OC(C)C,0.0,0.0,0.0,0.0,0.0,0.0,0.0,0.0,0.0,0.0,0.0,0.0
CCCCCCCCCCCCOCCOCCOCCOCCOCCOCCOCCOCCOCCO,0.0,,0.0,,,0.0,,1.0,0.0,,,
CC1=NN=C2CN=C(C3=C(SC(Br)=C3)N12)C4=CC=CC=C4Cl,0.0,0.0,0.0,,,0.0,0.0,,1.0,,,0.0
CNC(=O)[C@H]1O[C@H]([C@H](O)[C@@H]1N)N2C=NC3=C2N=CN=C3NCC4=CC(Cl)=CC=C4OCC5=CC(C)=NO5,0.0,0.0,0.0,0.0,0.0,0.0,0.0,0.0,0.0,0.0,0.0,0.0
C1CCC(CC1)NC2CCCCC2,0.0,0.0,0.0,0.0,0.0,0.0,0.0,0.0,0.0,0.0,0.0,0.0
CCCCCCCCCCCCCCCCCCO,0.0,0.0,0.0,0.0,0.0,0.0,0.0,0.0,0.0,0.0,0.0,0.0
OP(O)(O)=O.OP(O)(O)=O.CCN(CC)CCCC(C)NC1=C2C=CC(Cl)=CC2=NC=C1,0.0,0.0,0.0,0.0,0.0,0.0,0.0,0.0,0.0,0.0,0.0,0.0
CS(O)(=O)=O.CCC(NC(C)C)C(O)C1=CC=C(O)C(O)=C1,0.0,0.0,0.0,0.0,0.0,0.0,0.0,,0.0,,0.0,0.0
ClC(Cl)=C,0.0,0.0,0.0,0.0,0.0,0.0,0.0,0.0,0.0,0.0,0.0,0.0
C=CCOC(=O)C1=CC=C(C(=O)OCC=C)C(=C1)C(=O)OCC=C,0.0,0.0,0.0,0.0,0.0,0.0,,0.0,0.0,0.0,0.0,0.0
[Cl-].[Cl-].C1C=CC=C1[Ti++]C2=CC=CC2,0.0,0.0,0.0,,0.0,0.0,0.0,,0.0,,0.0,0.0
FC(F)(F)C(Cl)Br,0.0,0.0,0.0,0.0,0.0,0.0,0.0,0.0,0.0,0.0,0.0,0.0
CC12CC1(C)C(=O)N(C2=O)C3=CC(Cl)=CC(Cl)=C3,0.0,0.0,0.0,0.0,0.0,0.0,0.0,0.0,0.0,0.0,0.0,0.0
COC(=O)CC(=O)C(C)(C)C,0.0,0.0,0.0,0.0,0.0,0.0,0.0,0.0,0.0,0.0,0.0,0.0
OC(=O)CCC(O)=O.CN(C)CCOC(C)(C1=CC=CC=C1)C2=CC=CC=N2,0.0,0.0,0.0,0.0,0.0,0.0,0.0,0.0,0.0,0.0,0.0,0.0
CC(=O)C1CCCCC1=O,0.0,0.0,0.0,0.0,0.0,0.0,0.0,0.0,0.0,0.0,0.0,0.0
Cl.CN(C)C(=O)NC1(CCN(CC[C@]2(CN(CCO2)C(=O)C3=CC=CC=C3)C4=CC(F)=C(F)C=C4)CC1)C5=CC=CC=C5,0.0,0.0,0.0,0.0,0.0,0.0,,0.0,0.0,0.0,,0.0
CC1=CC=C(O)C=C1,0.0,0.0,0.0,0.0,0.0,0.0,0.0,0.0,0.0,0.0,0.0,0.0
[H][C@@]12CC[C@H](OP(O)(O)=O)[C@@]1(C)CC[C@]3([H])C4=C(CC[C@@]23[H])C=C(OC(=O)N(CCCl)CCCl)C=C4,1.0,0.0,0.0,0.0,1.0,1.0,,,0.0,,0.0,1.0
CCCCCCOC(C)=O,0.0,0.0,0.0,0.0,0.0,0.0,0.0,0.0,0.0,0.0,0.0,0.0
S=C1NC=NC2=C1N=CN2,0.0,0.0,1.0,,0.0,0.0,,1.0,0.0,0.0,0.0,1.0
CC1=CC(=C(O)C(C)=C1CC2=NCCN2)C(C)(C)C,0.0,0.0,0.0,0.0,0.0,0.0,0.0,0.0,0.0,0.0,0.0,0.0
CCSC(=O)N(CC)CC,0.0,0.0,0.0,0.0,0.0,0.0,0.0,0.0,0.0,0.0,0.0,0.0
Cl.CC(C)NCC(O)C1=CC(O)=C(O)C=C1,0.0,0.0,1.0,0.0,0.0,0.0,0.0,0.0,0.0,0.0,0.0,0.0
Cl.CNCCC=C1C2=C(CCC3=C1C=CC=C3)C=CC=C2,0.0,0.0,0.0,,0.0,0.0,,,0.0,,,0.0
CC(C)CC1NC(=S)N(CC=C)C1=O,0.0,0.0,0.0,0.0,0.0,0.0,0.0,,0.0,,0.0,0.0
[Cl-].CCCCCCCCCCN1C=C[N+](C)=C1,0.0,,0.0,1.0,,,,1.0,0.0,0.0,1.0,
CCCCCCCCC(CO)CCCCCC,0.0,0.0,0.0,0.0,0.0,0.0,0.0,0.0,0.0,0.0,0.0,0.0
[Zn++].[O-]C(=O)C=C.[O-]C(=O)C=C,0.0,0.0,0.0,0.0,0.0,0.0,,,0.0,0.0,0.0,0.0
COC1=CC=CC=C1NC(=O)C2=CC3=C(C=CC=C3)C=C2O,0.0,0.0,1.0,1.0,,0.0,,,0.0,,,
CC(Cl)(Cl)Cl,0.0,0.0,0.0,0.0,0.0,0.0,0.0,0.0,0.0,0.0,0.0,0.0
CC(=O)C1=CC=C(C=C1)C(C)=O,0.0,0.0,0.0,0.0,,0.0,0.0,0.0,0.0,0.0,0.0,0.0
CCC(C)(C)C1=CC=C(CC(C)CN2C[C@H](C)O[C@H](C)C2)C=C1,0.0,0.0,0.0,,,0.0,0.0,,0.0,0.0,1.0,
[I-].CCCC[N+]1=CC=C(C)C=C1,0.0,0.0,0.0,0.0,0.0,0.0,0.0,1.0,0.0,0.0,,0.0
[Na+].[Na+].CC1=CC=C(C=C1)S(=O)(=O)OC2=CC=C(C=C2)N=NC3=C(C)C=C(C=C3)C4=CC=C(N=NC5=C(O)C=CC6=CC(=CC(=C56)S([O-])(=O)=O)S([O-])(=O)=O)C(C)=C4,0.0,0.0,0.0,,,0.0,0.0,,0.0,0.0,,0.0
[H][C@@]12C[C@@H](C)[C@](O)(C(=O)COC(=O)C(C)(C)C)C1(C)C[C@H](O)[C@@]3(F)C2([H])C[C@H](F)C4=CC(=O)C=CC34C,1.0,1.0,,,0.0,0.0,0.0,,0.0,,1.0,0.0
CCC(C)(CCC(C)C)C(=O)OC=C,0.0,0.0,0.0,0.0,0.0,0.0,0.0,0.0,0.0,0.0,0.0,0.0
[Cl-].[Cl-].[Fe++],0.0,0.0,0.0,0.0,0.0,0.0,0.0,,0.0,0.0,0.0,0.0
CCN(CC)CCC(=O)N1C2=CC=CC=C2SC3=CC=C(Cl)C=C13,0.0,0.0,0.0,,,0.0,0.0,,0.0,,,0.0
[H][C@@]12CC[C@](O)(C(=O)CO)[C@@]1(C)C[C@H](O)[C@@]3([H])[C@@]2([H])C[C@H](F)C4=CC(=O)C=C[C@]34C,1.0,1.0,0.0,,,0.0,0.0,0.0,0.0,0.0,0.0,0.0
[Na+].[O-][N+]1=C([S-])C=CC=C1,0.0,1.0,0.0,,,0.0,1.0,,1.0,1.0,1.0,
CCC1=CC=CC(C)=C1N,0.0,0.0,,0.0,0.0,0.0,0.0,0.0,0.0,0.0,0.0,0.0
Cl.[H][C@]12SC(C)(C)[C@@H](N1C(=O)[C@@]2([H])N=CN3CCCCCC3)C(=O)OCOC(=O)C(C)(C)C,0.0,0.0,0.0,0.0,0.0,0.0,0.0,,0.0,,0.0,0.0
CCCCCCCCCC#N,0.0,0.0,0.0,0.0,0.0,0.0,0.0,0.0,0.0,,0.0,0.0
Cl.CCOC(=O)[C@@](C)(N)CC1=CC=C(O)C(O)=C1,0.0,0.0,0.0,,0.0,0.0,0.0,,0.0,0.0,0.0,0.0
CCNC1=NC(NC(C)(C)C#N)=NC(Cl)=N1,0.0,0.0,,0.0,0.0,0.0,0.0,0.0,0.0,0.0,0.0,0.0
CC(C)C1=NC=C(N1C)[N+]([O-])=O,0.0,0.0,0.0,0.0,0.0,,0.0,,0.0,,0.0,0.0
ClC1=CC=C(C=C1)C(=O)C2=CC=C(Cl)C=C2,0.0,0.0,0.0,0.0,0.0,0.0,0.0,0.0,0.0,0.0,0.0,0.0
CCC1=C(C)CN(C(=O)NCCC2=CC=C(C=C2)S(=O)(=O)NC(=O)N[C@H]3CC[C@H](C)CC3)C1=O,0.0,,0.0,0.0,0.0,0.0,,,0.0,0.0,,0.0
COC(=O)CC1=C2C=CC=CC2=CC=C1,0.0,0.0,0.0,0.0,0.0,0.0,0.0,0.0,0.0,0.0,0.0,0.0
CNC(=O)CSP(=S)(OC)OC,0.0,0.0,0.0,0.0,0.0,0.0,0.0,0.0,0.0,0.0,0.0,0.0
OC(=O)\C=C/C(O)=O.NC1=C2C=CC=CC2=NC3=C1C(O)CCC3,0.0,0.0,0.0,0.0,0.0,0.0,0.0,0.0,0.0,0.0,0.0,0.0
[Br-].CC[N+]1(CC)CCC(C1C)=C(C2=CC=CC=C2)C3=CC=CC=C3,0.0,0.0,0.0,0.0,0.0,0.0,0.0,0.0,0.0,0.0,0.0,0.0
ClCBr,0.0,0.0,0.0,0.0,,0.0,0.0,0.0,0.0,0.0,0.0,0.0
CCC1(C(=O)NC(=O)N(C(=O)C2=CC=CC=C2)C1=O)C3=CC=CC=C3,0.0,0.0,0.0,0.0,0.0,0.0,0.0,,0.0,,1.0,0.0
CCC(C)C=O,0.0,0.0,0.0,0.0,0.0,0.0,0.0,0.0,0.0,0.0,0.0,0.0
COC1=CC=C(C=C1)C(=O)CC(=O)C2=CC=C(C=C2)C(C)(C)C,0.0,0.0,,,0.0,,0.0,0.0,0.0,0.0,,0.0
NC(=O)NC1=CC=C(C=C1)[As](O)(O)=O,0.0,0.0,0.0,0.0,0.0,0.0,0.0,0.0,0.0,0.0,0.0,0.0
OC1CCCC1,0.0,0.0,0.0,0.0,0.0,0.0,0.0,0.0,0.0,0.0,0.0,0.0
OC(=O)CCOC(=O)C=C,0.0,0.0,0.0,0.0,0.0,0.0,,1.0,0.0,0.0,0.0,0.0
[K+].CC([O-])=O,0.0,0.0,0.0,0.0,0.0,0.0,0.0,0.0,0.0,0.0,0.0,0.0
CC(CCC=C(C)C)C=C,0.0,0.0,0.0,0.0,0.0,0.0,0.0,0.0,0.0,0.0,0.0,0.0
N#CCNCC#N,0.0,0.0,0.0,0.0,0.0,0.0,0.0,0.0,0.0,0.0,0.0,0.0
CC(C)C1=CC(C(C)C)=C(O)C=C1,0.0,0.0,0.0,,0.0,0.0,0.0,,0.0,0.0,1.0,
OS(=O)(=O)NC1CCCCC1,0.0,0.0,0.0,0.0,0.0,0.0,0.0,0.0,0.0,0.0,0.0,0.0
Cl.[Cl-].CC1=C(CCO)SC=[N+]1CC2=CN=C(C)N=C2N,0.0,0.0,0.0,0.0,0.0,0.0,0.0,,0.0,,0.0,0.0
COC(=O)C1=C(C=CC(OC2=CC=C(Cl)C=C2Cl)=C1)[N+]([O-])=O,0.0,0.0,,1.0,,,0.0,0.0,0.0,,,0.0
CC1=CC=C(Cl)C=C1,0.0,0.0,0.0,0.0,0.0,0.0,0.0,0.0,0.0,0.0,0.0,0.0
CC1(C)O[C@@H]2CO[C@@]3(COS(N)(=O)=O)OC(C)(C)O[C@H]3[C@@H]2O1,0.0,0.0,0.0,0.0,0.0,0.0,0.0,0.0,0.0,0.0,0.0,0.0
F[B-](F)(F)F.CCCC[N+]1(C)CCCCC1,0.0,0.0,0.0,0.0,0.0,0.0,0.0,0.0,0.0,0.0,0.0,0.0
CCCCCCCO,0.0,0.0,0.0,0.0,0.0,0.0,0.0,0.0,0.0,0.0,0.0,0.0
CN(C)CCOCCN(C)CCO,0.0,0.0,0.0,0.0,0.0,0.0,0.0,0.0,0.0,0.0,0.0,0.0
CC(=O)\C=C\C1=CC=CC=C1,0.0,0.0,0.0,0.0,0.0,0.0,0.0,0.0,0.0,,0.0,0.0
CC(C)(C)C1=CC=C(C=C1)C(=O)CCCN2CCC(CC2)OC(C3=CC=CC=C3)C4=CC=CC=C4,0.0,0.0,,0.0,,0.0,0.0,,0.0,,,
COC1=CC=C(C=C1)C(Cl)=C(C2=CC=C(OC)C=C2)C3=CC=C(OC)C=C3,0.0,0.0,0.0,1.0,0.0,0.0,0.0,0.0,0.0,0.0,0.0,0.0
Cl.CN1CCCN=C1COC(=O)C(O)(C2CCCCC2)C3=CC=CC=C3,0.0,0.0,0.0,0.0,0.0,0.0,0.0,0.0,0.0,0.0,,0.0
CC1=CC=CC=C1C(=O)NC2=CC=C(C(=O)N3CCCC(O)C4=C3C=CC(Cl)=C4)C(C)=C2,0.0,0.0,0.0,,0.0,0.0,,0.0,0.0,0.0,1.0,0.0
CC1=CC2=C(C=C1)C(=O)C3=CC=CC=C3C2=O,1.0,0.0,1.0,,1.0,0.0,0.0,1.0,1.0,0.0,1.0,0.0
CC1=C2C=C3C=CC4=C5C(C=CC(C2=CC=C1)=C35)=CC=C4,0.0,1.0,1.0,0.0,0.0,,1.0,1.0,0.0,1.0,,1.0
[H][C@]12SCC(CSC3=NN=NN3C)=C(N1C(=O)[C@@]2([H])NC(=O)[C@H](NC(=O)C4=C(O)C=C(C)N=C4)C5=CC=C(O)C=C5)C(O)=O,0.0,0.0,0.0,0.0,1.0,0.0,0.0,,0.0,,0.0,0.0
Cl.N#CC1=CC=C(C=C1)C2CCCC3=CN=CN23,0.0,0.0,0.0,1.0,0.0,0.0,0.0,0.0,0.0,0.0,,0.0
CCCOC1=C(C=C(C=C1)S(=O)(=O)N2CCN(CC)CC2)C3=NC4=C(CC)N(CC5=CC=CC=N5)N=C4C(=O)N3,0.0,0.0,0.0,0.0,0.0,0.0,,0.0,0.0,0.0,,0.0
COC(C)=O,0.0,0.0,0.0,0.0,0.0,0.0,0.0,0.0,0.0,0.0,0.0,0.0
CC(O)CC(C)O,0.0,0.0,0.0,0.0,0.0,0.0,0.0,0.0,0.0,0.0,0.0,0.0
Cl.[H][C@@]12C[C@H]3C[C@H](CC)[C@]1([H])[N@](C3)CCC4=C2NC5=C4C=C(OC)C=C5,0.0,0.0,,0.0,0.0,0.0,0.0,0.0,0.0,1.0,0.0,0.0
CC(=C/CO)\C=C\C=C(C)\C=C\C1=C(C)CCCC1(C)C,0.0,0.0,0.0,1.0,0.0,0.0,0.0,1.0,0.0,1.0,0.0,0.0
Cl.O=C1NCC2(CCN(CCC3=CC=CC=C3)CC2)O1,0.0,0.0,0.0,0.0,1.0,0.0,0.0,0.0,0.0,0.0,0.0,0.0
CCO[Si](CCCCl)(OCC)OCC,0.0,0.0,0.0,0.0,0.0,0.0,0.0,0.0,0.0,0.0,1.0,0.0
O=C(N[C@H]1CN2CCC1CC2)C3=CC4=C(OC=C4)C=N3,0.0,0.0,0.0,0.0,0.0,0.0,0.0,0.0,0.0,0.0,,0.0
CC(C)NCC(O)C1=CC2=CC=CC=C2C=C1,0.0,0.0,,0.0,0.0,0.0,0.0,0.0,0.0,0.0,0.0,0.0
N1C=NC=N1,0.0,0.0,0.0,0.0,0.0,0.0,0.0,,0.0,0.0,0.0,0.0
CC1=C(C(=C(C(C)=C1[N+]([O-])=O)[N+]([O-])=O)C(C)(C)C)[N+]([O-])=O,0.0,0.0,0.0,,0.0,0.0,0.0,0.0,0.0,0.0,1.0,0.0
FC(OC(F)(F)F)C(F)(F)OC1=C(Cl)C=C(NC(=O)NC(=O)C2=C(F)C=CC=C2F)C=C1,0.0,,0.0,,0.0,,0.0,,0.0,,0.0,
CCC(C)=O,0.0,0.0,0.0,0.0,0.0,0.0,0.0,0.0,0.0,0.0,0.0,0.0
CCCCO,,,,0.0,0.0,0.0,0.0,0.0,0.0,0.0,0.0,0.0
OC(=O)CS,0.0,0.0,0.0,0.0,0.0,0.0,0.0,0.0,0.0,0.0,0.0,0.0
CCCCOCN(C(=O)CCl)C1=C(CC)C=CC=C1CC,0.0,,0.0,,,0.0,,1.0,0.0,,,0.0
CNC(=S)NC,0.0,0.0,0.0,0.0,0.0,0.0,0.0,0.0,0.0,0.0,0.0,0.0
CC1=C(N)C=C(C=C1)[N+]([O-])=O,0.0,0.0,1.0,0.0,0.0,0.0,0.0,0.0,0.0,0.0,0.0,0.0
[H][C@@]12CC3=CNC4=C3C(=CC=C4)[C@@]1([H])C[C@@H](CN2C)NC(=O)N(CC)CC,0.0,,1.0,0.0,1.0,0.0,0.0,,0.0,,0.0,0.0
CN1CC(=O)N=C1NC(=O)NC2=CC(Cl)=CC=C2,0.0,0.0,1.0,,1.0,0.0,0.0,0.0,0.0,0.0,1.0,0.0
CC(C)CCCCCCOC(=O)CCCCC(=O)OCCCCCCC(C)C,0.0,0.0,0.0,0.0,0.0,0.0,0.0,0.0,0.0,0.0,0.0,0.0
C(N1CCN(CC1)C2=NC=CC=N2)C3=CC4=C(OCO4)C=C3,0.0,0.0,0.0,0.0,0.0,0.0,0.0,0.0,0.0,0.0,0.0,0.0
COC1=CC2=C(C=C1OC)C(=O)NC(=O)N2,0.0,0.0,0.0,0.0,,0.0,0.0,0.0,0.0,0.0,0.0,0.0
CCC(=O)O[C@@]1(CCN(C)C[C@H]1C)C2=CC=CC=C2,0.0,0.0,0.0,0.0,0.0,0.0,0.0,,0.0,,0.0,0.0
Cl.NNC(N)=N,0.0,0.0,1.0,0.0,0.0,0.0,0.0,0.0,0.0,0.0,0.0,0.0
[Br-].CCCCCCCCCCCC[N+](C)(C)C,0.0,,0.0,,,,,1.0,0.0,,,
COC(=O)CSC1=C(Cl)C=C(F)C(=C1)\N=C2/SC(=O)N3CCCCN23,0.0,0.0,0.0,0.0,0.0,0.0,0.0,0.0,0.0,0.0,0.0,0.0
[O-][N+](=O)C1=CC(Cl)=C(Cl)C(Cl)=C1,0.0,0.0,0.0,,0.0,0.0,0.0,,0.0,0.0,0.0,
CC3(COC1=CC=C(CC2SC(=O)NC2=O)C=C1)CCCCC3,0.0,0.0,,1.0,,0.0,1.0,,0.0,0.0,1.0,
[Na+].[H][C@@]12C[C@@H](O)[C@@]3([H])[C@@]4(C)CC[C@@H](O)[C@@H](C)[C@]4([H])CC[C@]3(C)[C@@]1(C)C[C@H](OC(C)=O)\C2=C(\CCC=C(C)C)C([O-])=O,0.0,0.0,0.0,0.0,0.0,0.0,0.0,,0.0,,,0.0
OC1=CC(Cl)=C(C=C1)C2=CC=CC=C2,1.0,0.0,,0.0,1.0,,0.0,1.0,0.0,0.0,1.0,
CCCCC#N,0.0,0.0,0.0,0.0,0.0,0.0,0.0,0.0,0.0,0.0,0.0,0.0
CCC(C)CO,0.0,0.0,0.0,0.0,0.0,0.0,0.0,0.0,0.0,0.0,0.0,0.0
OC1(O)C(=O)C2=C(C=CC=C2)C1=O,0.0,0.0,1.0,,0.0,0.0,,,0.0,0.0,1.0,1.0
CC1(C)N(CO)C(=O)NC1=O,0.0,0.0,0.0,0.0,,0.0,0.0,0.0,0.0,0.0,0.0,0.0
CC(O)COCC(C)O,0.0,0.0,0.0,0.0,0.0,0.0,0.0,0.0,0.0,0.0,0.0,0.0
OS(O)(=O)=O,0.0,0.0,0.0,0.0,0.0,0.0,0.0,,0.0,0.0,,0.0
Cl.[H][C@]12SCC(C[N+]3=C4C=CC=NN4C=C3)=C(N1C(=O)[C@@]2([H])NC(=O)C(=N\OC)\C5=NSC(N)=N5)C([O-])=O,0.0,0.0,0.0,0.0,0.0,0.0,0.0,0.0,0.0,0.0,0.0,0.0
COC1=CC=C(\C=C\C(O)=O)C=C1,0.0,0.0,0.0,0.0,0.0,0.0,0.0,,0.0,,0.0,0.0
OP(O)(O)=O.OP(O)(O)=O.OP(O)(O)=O.[H][C@@]12CCC(=O)[C@@H]3OC4=C(OC)C=CC5=C4[C@]13CCN(C)[C@@H]2C5.[H][C@@]67CCC(=O)[C@@H]8OC9=C(OC)C=CC%10=C9[C@]68CCN(C)[C@@H]7C%10,0.0,0.0,0.0,0.0,0.0,0.0,0.0,,0.0,,0.0,0.0
[NH4+].[NH4+].OC(=O)CC(O)(CC([O-])=O)C([O-])=O,0.0,0.0,0.0,0.0,0.0,0.0,0.0,0.0,0.0,0.0,0.0,0.0
Br.COC1=CC(Br)=C(OC)C=C1CC(C)N,0.0,0.0,0.0,0.0,0.0,0.0,,,0.0,,0.0,0.0
COP(=S)(OC)OC1=NC(Cl)=C(Cl)C=C1Cl,0.0,,,0.0,0.0,0.0,,0.0,0.0,0.0,1.0,0.0
Cl.CN1C(=O)C=C(OC2=C(F)C=C(F)C=C2)C3=C1N=C(NCC(C)(C)O)N=C3,0.0,0.0,0.0,0.0,,0.0,,1.0,0.0,0.0,,0.0
CCOC(=O)C(C)O,0.0,0.0,0.0,0.0,0.0,0.0,0.0,0.0,0.0,0.0,0.0,0.0
CC(C)OC(=O)CC1=CC=CC=C1,0.0,0.0,0.0,0.0,0.0,0.0,0.0,0.0,0.0,0.0,0.0,0.0
CN(\C=N\C1=C(C)C=C(C)C=C1)\C=N\C2=C(C)C=C(C)C=C2,0.0,0.0,1.0,,0.0,0.0,0.0,0.0,0.0,0.0,1.0,0.0
O=C1CCCCCCCCCCC=CCCC1,0.0,0.0,0.0,,0.0,0.0,1.0,0.0,0.0,,1.0,0.0
CCC(=O)NC1=CC=C(O)C=C1,0.0,0.0,0.0,0.0,0.0,0.0,0.0,0.0,0.0,0.0,0.0,0.0
OC(=O)\C=C/C(O)=O,0.0,0.0,0.0,0.0,0.0,0.0,0.0,0.0,0.0,0.0,0.0,0.0
CC(C)[C@H](C(=O)OC(C#N)C1=CC=CC(OC2=CC=CC=C2)=C1)C3=CC=C(OC(F)F)C=C3,0.0,0.0,0.0,,0.0,0.0,0.0,0.0,0.0,,1.0,0.0
CC(CCl)OP(=O)(OC(C)CCl)OC(C)CCl,0.0,0.0,0.0,0.0,0.0,0.0,0.0,0.0,0.0,0.0,0.0,0.0
CC1=CC=C(C=C1)S(O)(=O)=O.CCN(C(C)C)C(=O)C2=CC(OC[C@H](C)NC3=CC=NC=C3)=CC(C)=C2,0.0,0.0,0.0,0.0,0.0,0.0,0.0,0.0,0.0,,0.0,0.0
COC1=C(OC(=O)C(C)C)C=CC(C=O)=C1,0.0,0.0,0.0,0.0,0.0,0.0,0.0,0.0,0.0,0.0,0.0,0.0
S=C(SSC(=S)N1CCCCC1)N2CCCCC2,0.0,,,,,1.0,0.0,,1.0,,0.0,0.0
Cl.O=S(=O)(N1CCCNCC1)C2=CC=CC3=C2C=CN=C3,0.0,0.0,0.0,1.0,,0.0,0.0,,0.0,0.0,,0.0
OC(=O)C(=O)CC1=CC=CC=C1,0.0,,0.0,0.0,0.0,0.0,0.0,1.0,0.0,,0.0,0.0
Cl.COC1=C(OC)C=C(CCNCC(O)COC2=CC(C)=CC=C2)C=C1,0.0,0.0,0.0,0.0,0.0,0.0,0.0,,0.0,,0.0,0.0
Cl.[H][C@@]12C=C[C@H](O)[C@@H]3OC4=C(OC)C=CC5=C4[C@]13CCN(C)[C@@H]2C5,0.0,0.0,0.0,0.0,0.0,0.0,0.0,1.0,0.0,1.0,0.0,0.0
CC\C=C/CCOC(C)=O,0.0,0.0,0.0,0.0,0.0,0.0,0.0,0.0,0.0,0.0,0.0,0.0
NS(=O)(=O)C1=C(Cl)C=C2N=C(CSCC3=CC=CC=C3)NS(=O)(=O)C2=C1,0.0,0.0,0.0,0.0,0.0,0.0,0.0,0.0,0.0,0.0,0.0,0.0
CSC1=CC=C(C=C1)C(=O)C(C)(C)N2CCOCC2,0.0,0.0,0.0,0.0,1.0,1.0,0.0,0.0,0.0,0.0,0.0,0.0
BrCCCCCBr,0.0,0.0,0.0,0.0,0.0,0.0,0.0,0.0,0.0,0.0,0.0,0.0
COC1=CN=C(OC)N2N=C(NS(=O)(=O)C3=C(C=CC=C3OCC(F)F)C(F)(F)F)N=C12,0.0,0.0,0.0,0.0,0.0,0.0,0.0,0.0,0.0,0.0,0.0,0.0
ONC(=O)C1(CCCC1)N(CCC(O)=O)S(=O)(=O)C2=CC=C(OC3=CC=C(F)C=C3)C=C2,0.0,0.0,0.0,0.0,0.0,0.0,0.0,,0.0,0.0,,0.0
OC(=O)C1=CC=CC=C1N2C=C(C(O)=O)C(=O)C3=C2C=C(Cl)C(NC4=C(F)C=C(F)C=C4Cl)=C3,0.0,0.0,0.0,0.0,0.0,0.0,0.0,0.0,0.0,0.0,0.0,0.0
C(OC1=CC(OCC2CO2)=CC=C1)C3CO3,0.0,0.0,0.0,,,0.0,,1.0,0.0,,0.0,1.0
Cl.CN1CCN(CC1)C(C2=CC=CC=C2)C3=CC=C(Cl)C=C3,0.0,0.0,0.0,0.0,0.0,0.0,0.0,,0.0,,,0.0
CC[S+](C)CC.FC(F)(F)S(=O)(=O)[N-]S(=O)(=O)C(F)(F)F,,0.0,0.0,0.0,1.0,0.0,0.0,0.0,0.0,0.0,,0.0
ClP(Cl)(Cl)=O,0.0,0.0,0.0,0.0,0.0,0.0,0.0,0.0,0.0,0.0,0.0,0.0
OC1=C(Cl)C=C(Cl)C=C1SC2=C(O)C(Cl)=CC(Cl)=C2,0.0,,0.0,,,0.0,,,0.0,1.0,1.0,1.0
ClCC(Cl)(Cl)Cl,0.0,0.0,0.0,0.0,0.0,0.0,0.0,0.0,0.0,0.0,0.0,0.0
Cl.CC(N)C12CC3CC(CC(C3)C1)C2,0.0,0.0,0.0,0.0,0.0,0.0,0.0,0.0,0.0,0.0,,0.0
C[C@@H]1CC(=O)NN=C1C2=CC=C(NN=C(C#N)C#N)C=C2,0.0,,,,,0.0,,0.0,0.0,0.0,,1.0
BrCCBr,0.0,0.0,0.0,0.0,0.0,0.0,0.0,0.0,0.0,0.0,0.0,0.0
CCCCCCCCCCCC(=O)N(C)CC(O)=O,0.0,0.0,0.0,0.0,,0.0,1.0,1.0,0.0,0.0,0.0,
COC1=CC(C)=CC(O)=C1,0.0,0.0,,0.0,0.0,0.0,0.0,0.0,0.0,0.0,0.0,0.0
[H][C@@]12CC[C@H](C(=O)NC(C)(C)C)[C@@]1(C)CC[C@@]3([H])[C@@]2([H])CC=C4C=C(CC[C@]34C)C(O)=O,0.0,0.0,0.0,0.0,0.0,0.0,,,0.0,,,0.0
CCC(C)C(O)=O,0.0,0.0,0.0,0.0,0.0,0.0,0.0,0.0,0.0,0.0,0.0,0.0
N#CCN(CCN(CC#N)CC#N)CC#N,0.0,0.0,0.0,0.0,0.0,0.0,0.0,0.0,0.0,0.0,,0.0
Cl.O=C(O[C@H]1CN2CCC1CC2)N3CCC4=CC=CC=C4[C@@H]3C5=CC=CC=C5,0.0,0.0,,0.0,0.0,0.0,0.0,,0.0,,,0.0
CC(=O)NC1=CC=C(O)C=C1,0.0,0.0,0.0,0.0,0.0,0.0,0.0,0.0,0.0,0.0,0.0,0.0
ClC1=CC=C(NC2=NN=C(CC3=CC=NC=C3)C4=C2C=CC=C4)C=C1,0.0,0.0,1.0,1.0,,0.0,,1.0,0.0,0.0,,0.0
CC(O)COC(=O)C(C)=C,0.0,0.0,0.0,0.0,0.0,0.0,0.0,0.0,0.0,0.0,0.0,0.0
C(N1C=CC=C1)C2=CC=CO2,0.0,0.0,0.0,0.0,0.0,0.0,0.0,0.0,0.0,0.0,0.0,0.0
NNC(=S)NN,0.0,0.0,1.0,,0.0,0.0,0.0,0.0,0.0,1.0,0.0,0.0
ClC1(Cl)CS(=O)(=O)CC1(Cl)Cl,0.0,,,,,1.0,1.0,,1.0,1.0,,
CCCCOCCOC(=O)COC1=C(Cl)C=C(Cl)C=C1,0.0,0.0,0.0,0.0,,0.0,0.0,0.0,0.0,0.0,0.0,0.0
Cl.CN(C)CCCOC1=NN(CC2=CC=CC=C2)C3=C1C=CC=C3,0.0,0.0,0.0,0.0,0.0,0.0,0.0,,0.0,0.0,0.0,0.0
COCC(O)CO,0.0,0.0,0.0,0.0,0.0,0.0,0.0,0.0,0.0,0.0,,0.0
[Na+].[O-]C(=O)CCl,0.0,0.0,0.0,0.0,0.0,0.0,0.0,0.0,0.0,0.0,0.0,0.0
O.[Br-].CC(C)[N+]1(C)C2CCC1CC(C2)OC(=O)C(CO)C3=CC=CC=C3,0.0,0.0,0.0,0.0,0.0,0.0,0.0,,0.0,,0.0,0.0
CCNC1=NC(NC(C)C)=NC(OC)=N1,0.0,0.0,,0.0,0.0,0.0,0.0,0.0,0.0,0.0,,0.0
CCCCCCCCOCCCN,0.0,0.0,0.0,0.0,,0.0,0.0,,0.0,0.0,,0.0
CC1=C(CCN2CCC(CC2)C3=NOC4=C3C=CC(F)=C4)C(=O)N5CCCCC5=N1,0.0,0.0,0.0,0.0,0.0,0.0,0.0,,0.0,0.0,0.0,0.0
NC1=CC=C(F)C=C1,0.0,0.0,,0.0,0.0,0.0,0.0,0.0,0.0,0.0,,0.0
Cl.CCCNC(C)(C)COC(=O)C1=CC=CC=C1,0.0,0.0,0.0,0.0,0.0,0.0,1.0,0.0,0.0,0.0,0.0,0.0
CCCCC(CC)COC(=O)OOC(C)(C)C,0.0,0.0,0.0,0.0,0.0,0.0,0.0,0.0,0.0,,0.0,0.0
[K+].CCCCC(CC)C([O-])=O,0.0,0.0,0.0,0.0,0.0,0.0,0.0,0.0,0.0,0.0,0.0,0.0
NC1=C(C=C(C(=C1)C(Cl)=C(Cl)Cl)S(N)(=O)=O)S(N)(=O)=O,0.0,0.0,0.0,0.0,0.0,0.0,0.0,0.0,0.0,0.0,0.0,0.0
CC(=O)NC(CC1=CC=CC=C1)C(O)=O,0.0,0.0,,0.0,0.0,0.0,0.0,0.0,0.0,0.0,0.0,0.0
CNCC1=CC=C(NC(=O)C2=CNC3=C2C(=O)CCC3)C=C1,0.0,0.0,1.0,,0.0,0.0,0.0,,0.0,0.0,,0.0
CCC(=O)OC,0.0,0.0,0.0,0.0,0.0,0.0,0.0,0.0,0.0,0.0,0.0,0.0
CC(N)CN,0.0,0.0,0.0,,0.0,0.0,0.0,0.0,0.0,0.0,0.0,0.0
Cl.CC(N)CC1=CC2=C(OCO2)C=C1,0.0,0.0,0.0,0.0,0.0,0.0,0.0,,0.0,,0.0,0.0
CC(C)(CCl)C(Cl)=O,0.0,0.0,,,,0.0,0.0,0.0,0.0,,,0.0
CCC(C)C1CCCCC1=O,0.0,0.0,0.0,0.0,0.0,0.0,0.0,0.0,0.0,0.0,0.0,0.0
[H][C@@]12CCCN1C(=O)[C@H](NC(=O)[C@@H](NC(=O)C3=C4N=C5C(OC4=C(C)C=C3)=C(C)C(=O)C(N)=C5C(=O)N[C@H]6[C@@H](C)OC(=O)[C@H](C(C)C)N(C)C(=O)CN(C)C(=O)[C@]7([H])CCCN7C(=O)[C@H](NC6=O)C(C)C)[C@@H](C)OC(=O)[C@H](C(C)C)N(C)C(=O)CN(C)C2=O)C(C)C,0.0,,0.0,1.0,,0.0,,,0.0,0.0,,1.0
CN1CC(C2=CC=CC=C2)C3=CC=CC(N)=C3C1,0.0,0.0,0.0,0.0,0.0,0.0,0.0,0.0,0.0,0.0,,0.0
CCCCCCC(O)CO,0.0,0.0,0.0,,0.0,0.0,0.0,0.0,0.0,0.0,0.0,0.0
CCCOC(=O)C(C)O,0.0,0.0,0.0,0.0,0.0,0.0,0.0,0.0,0.0,0.0,0.0,0.0
OC(=O)\C=C\C(O)=O.CCCCCCCN(CC)CCCC(O)C1=CC=C(NS(C)(=O)=O)C=C1.CCCCCCCN(CC)CCCC(O)C2=CC=C(NS(C)(=O)=O)C=C2,0.0,0.0,0.0,0.0,0.0,0.0,0.0,,0.0,,,
[Cl-].CC[N+](CC)(CC)CCC(O)(C1CCCCC1)C2=CC=CC=C2,0.0,0.0,0.0,0.0,0.0,0.0,0.0,,0.0,,0.0,0.0
COC1=C(NC(=O)CC(C)=O)C=CC=C1,0.0,0.0,1.0,0.0,0.0,0.0,0.0,1.0,0.0,0.0,0.0,0.0
ClC(=O)C1=CC(=CC(=C1)C(Cl)=O)C(Cl)=O,0.0,0.0,,,0.0,0.0,0.0,,0.0,1.0,0.0,1.0
[H][C@@]2(NC(=O)C(=N/OC)\C1=CSC(N)=N1)C(=O)N3C(C(O)=O)=C(CSC(=O)C4=CC=CO4)CS[C@]23[H],0.0,0.0,0.0,0.0,0.0,0.0,0.0,,0.0,,0.0,0.0
CC(C)OCC1CO1,0.0,0.0,0.0,0.0,0.0,0.0,0.0,0.0,0.0,,0.0,0.0
COC1=CC=C(C=C1OC)C2NC(=S)N3C(NC(=S)N23)C4=CC=C(OC)C(OC)=C4,0.0,,,,0.0,0.0,0.0,,0.0,,0.0,0.0
[Ca++].CC(O)C([O-])=O.CC(O)C([O-])=O,0.0,0.0,0.0,0.0,0.0,0.0,0.0,0.0,0.0,0.0,0.0,0.0
CC(C)CCCCCCC1=CC=C(OCCOCCO)C=C1,0.0,0.0,0.0,0.0,0.0,0.0,0.0,0.0,0.0,0.0,0.0,0.0
Cl.CC(C)(C)NCC(O)CSC1=NC(=CS1)C2=CC=C(S2)C(N)=O,0.0,0.0,,,0.0,0.0,0.0,,0.0,,1.0,0.0
CNC1(C)C2CCC(C2)C1(C)C,0.0,0.0,0.0,0.0,0.0,0.0,0.0,0.0,0.0,0.0,0.0,0.0
CCCCCCCCC=C,0.0,0.0,0.0,0.0,0.0,0.0,0.0,0.0,0.0,0.0,,0.0
Cl.CCOC1=CC=C(N\C(C)=N\C2=CC=C(OCC)C=C2)C=C1,0.0,0.0,0.0,0.0,0.0,0.0,0.0,,0.0,,0.0,0.0
Cl[Hg]C1=CC=CC=C1,0.0,,,,,1.0,1.0,1.0,,1.0,,1.0
OC1=CC=C(C=C1)C2=C(O)C(=O)C3=C(O2)C=C(O)C=C3O,0.0,0.0,1.0,1.0,1.0,1.0,,0.0,0.0,0.0,1.0,0.0
C[Si](Cl)(C1=CC=CC=C1)C2=CC=CC=C2,0.0,0.0,0.0,,0.0,0.0,0.0,,0.0,0.0,1.0,0.0
CC(C)C(=O)C1=CC=CC=C1,0.0,0.0,,0.0,0.0,0.0,0.0,0.0,0.0,0.0,0.0,0.0
IC#CCCCCCCCCC(=O)OC1=CC=CC=C1,0.0,0.0,0.0,0.0,0.0,0.0,,0.0,0.0,0.0,,0.0
[Zn++].CCC(C)(CCC(C)C)C([O-])=O.CCC(C)(CCC(C)C)C([O-])=O,0.0,0.0,0.0,0.0,0.0,0.0,0.0,0.0,0.0,0.0,0.0,0.0
O=C1NCCN1,0.0,0.0,0.0,0.0,0.0,0.0,0.0,0.0,0.0,0.0,,0.0
OCCCCCCO,0.0,0.0,0.0,,0.0,0.0,0.0,0.0,0.0,0.0,0.0,0.0
OC(=O)C1=CC=CC(=C1)C2=NOC(=N2)C3=CC=CC=C3F,1.0,,1.0,,1.0,0.0,0.0,,1.0,0.0,0.0,0.0
CC(=C)C(=O)OCCOC1CC2CC1C3C=CCC23,0.0,0.0,0.0,0.0,0.0,0.0,0.0,0.0,0.0,0.0,0.0,0.0
FC1=CC=C(Br)C=C1,0.0,0.0,0.0,0.0,0.0,0.0,0.0,0.0,0.0,0.0,0.0,0.0
CC(O)=O.CCC(N)CC1=CNC2=C1C=CC=C2,0.0,0.0,1.0,0.0,0.0,0.0,0.0,,0.0,,,0.0
C1CN=C(N1)C2COC3=C(O2)C=CC=C3,0.0,0.0,0.0,,,0.0,,1.0,0.0,1.0,1.0,0.0
[H][C@@]12N3CC[C@@]14C5=C(C=C(OC)C(=C5)[C@]6(C[C@@H]7C[N@@](C[C@](O)(CC)C7)CCC8=C6NC9=C8C=CC=C9)C(=O)OC)N(C=O)[C@@]4([H])[C@](O)([C@H](OC(C)=O)[C@]2(CC)C=CC3)C(=O)OC,0.0,,,0.0,,,,,1.0,0.0,,
[Na+].CCC1=CC(=C2C=C(C=CC=C12)C(C)C)S([O-])(=O)=O,0.0,0.0,0.0,0.0,0.0,0.0,0.0,,0.0,0.0,0.0,0.0
CCOC(=O)CC1=CC(=CC=C1)C2=C(O[C@H]3O[C@H](COC(C)=O)[C@@H](OC(C)=O)[C@H](OC(C)=O)[C@@H]3OC(C)=O)C=CC(CCCCCCC4=CC(C5=CC=CC(CC(=O)OCC)=C5)=C(O[C@H]6O[C@H](COC(C)=O)[C@@H](OC(C)=O)[C@H](OC(C)=O)[C@@H]6OC(C)=O)C=C4)=C2,0.0,0.0,0.0,0.0,0.0,0.0,0.0,,0.0,,0.0,0.0
[Na+].[Na+].CC1=NN(C(=O)C1\N=N\C2=CC=C(C=C2)S([O-])(=O)=O)C3=CC(Cl)=C(C=C3Cl)S([O-])(=O)=O,0.0,0.0,0.0,0.0,0.0,0.0,0.0,0.0,0.0,0.0,0.0,0.0
Cl.CC(=O)OC1=CC2=C(CCN(C2)C(C(=O)C3CC3)C4=CC=CC=C4F)S1,0.0,0.0,0.0,0.0,0.0,0.0,0.0,0.0,0.0,0.0,0.0,0.0
CC(C)(C)NCCNC(C)(C)C,0.0,0.0,0.0,0.0,0.0,0.0,0.0,0.0,0.0,0.0,,0.0
NS(=O)(=O)C1=CC2=C(NCNS2(=O)=O)C=C1Cl,0.0,0.0,0.0,0.0,0.0,0.0,0.0,0.0,0.0,0.0,0.0,0.0
CC(C)C(=O)NC1=CC(=C(C=C1)[N+]([O-])=O)C(F)(F)F,0.0,0.0,0.0,1.0,,0.0,0.0,1.0,0.0,0.0,1.0,0.0
CC1=C(N)C(O)=CC=C1,0.0,0.0,1.0,,0.0,0.0,,1.0,0.0,0.0,0.0,1.0
NC1=CC(Cl)=CC=C1O,0.0,0.0,1.0,0.0,0.0,0.0,,1.0,0.0,0.0,,1.0
OC1=CC=CC=C1CC=C,0.0,0.0,0.0,0.0,0.0,0.0,0.0,0.0,0.0,0.0,,0.0
C1COC=CC1,0.0,0.0,0.0,0.0,0.0,0.0,0.0,0.0,0.0,0.0,,0.0
CCCCCCCCC(Cl)=O,0.0,0.0,0.0,0.0,0.0,0.0,0.0,,0.0,0.0,0.0,0.0
CCN(CC)C(=O)C(C)OC1=C2C=CC=CC2=CC=C1,0.0,0.0,1.0,1.0,0.0,0.0,0.0,0.0,0.0,0.0,0.0,0.0
[H][C@@]12CCC(=O)[C@@]1(C)CC[C@]3([H])C4=C(CC[C@@]23[H])C=C(O)C=C4,1.0,0.0,0.0,0.0,1.0,1.0,0.0,0.0,0.0,0.0,1.0,0.0
CC1=CC(C)=C(O)C(C)=C1,0.0,0.0,0.0,0.0,0.0,0.0,0.0,0.0,0.0,0.0,0.0,0.0
CCCCCCCCCCC1CO1,0.0,0.0,0.0,0.0,0.0,0.0,0.0,0.0,0.0,0.0,0.0,0.0
OC(=O)[C@@H]1CCC(=O)N1,0.0,0.0,0.0,0.0,0.0,0.0,0.0,0.0,0.0,0.0,0.0,0.0
OCC1=C2C=CC=CC2=CC3=CC=CC=C13,0.0,0.0,,,1.0,0.0,,,0.0,0.0,1.0,0.0
[Br-].CCCC[N+]1=CC=C(C)C=C1,0.0,0.0,1.0,0.0,0.0,0.0,0.0,1.0,0.0,0.0,1.0,0.0
CC(C)C1=CC=CC(C(C)C)=C1O,0.0,0.0,0.0,0.0,0.0,0.0,0.0,0.0,0.0,0.0,1.0,0.0
CC1=CC(Cl)=CC=C1,0.0,0.0,0.0,0.0,0.0,0.0,0.0,0.0,0.0,0.0,0.0,0.0
OC(=O)C(F)(F)C(F)(F)C(F)(F)C(F)(F)C(F)(F)C(F)(F)F,0.0,0.0,0.0,0.0,0.0,0.0,0.0,1.0,0.0,0.0,,0.0
OP(O)(=O)CN(CP(O)(O)=O)CP(O)(O)=O,0.0,0.0,0.0,0.0,0.0,0.0,0.0,0.0,0.0,0.0,,0.0
[Na+].CCCOC1=NN(C(=O)[N-]S(=O)(=O)C2=C(C=CC=C2)C(=O)OC)C(=O)N1C,0.0,0.0,,0.0,0.0,0.0,0.0,0.0,0.0,0.0,0.0,0.0
CCCC(=O)OC(C)(C)CC1=CC=CC=C1,0.0,0.0,0.0,0.0,0.0,0.0,0.0,0.0,0.0,0.0,,0.0
C(C1=NCCN1)C2=CC3=CC=CC=C3C=C2,0.0,0.0,1.0,0.0,0.0,0.0,0.0,,0.0,,0.0,0.0
Cl.Cl.C1CNCCN1,0.0,0.0,0.0,0.0,0.0,0.0,0.0,0.0,0.0,0.0,,0.0
N#CC1=C2C=CC=CC2=CC3=C1C=CC=C3,0.0,,,,,,,,0.0,,1.0,1.0
Cl.C[C@@H](NCCCC1=CC=CC(=C1)C(F)(F)F)C2=CC=CC3=CC=CC=C23,0.0,,0.0,,,,,,,,,
Cl.CC(C)NC(C)CC1=CC=C(I)C=C1,0.0,0.0,0.0,0.0,1.0,0.0,0.0,,0.0,,,0.0
O=C(CCNNC(=O)C1=CC=NC=C1)NCC2=CC=CC=C2,0.0,0.0,,0.0,0.0,0.0,0.0,0.0,0.0,0.0,0.0,0.0
C[Si](C)(C)N[Si](C)(C)C,0.0,0.0,0.0,0.0,0.0,0.0,0.0,0.0,0.0,0.0,0.0,0.0
CC1CN1,0.0,0.0,0.0,0.0,0.0,0.0,0.0,0.0,0.0,0.0,0.0,0.0
NCCO.OC(=O)C1=C(Cl)C=CC(Cl)=N1,0.0,0.0,0.0,0.0,0.0,0.0,0.0,0.0,0.0,0.0,0.0,0.0
O.Cl.NC1=C2CCCC2=NC3=C1CCCC3,0.0,0.0,0.0,0.0,0.0,0.0,0.0,0.0,0.0,0.0,0.0,0.0
CC1=NC(C)=C(Cl)C(O)=C1Cl,0.0,0.0,0.0,0.0,0.0,0.0,0.0,0.0,0.0,0.0,0.0,0.0
CC1=C(C[C@H]2CCC3=C(C)C4=C(C=CC=C4)N3C2=O)N=CN1,0.0,0.0,0.0,0.0,0.0,0.0,0.0,,0.0,,,0.0
Cl.NC1=CC=C(Cl)C=C1,0.0,0.0,1.0,0.0,0.0,0.0,,0.0,0.0,0.0,0.0,0.0
IC(I)I,0.0,0.0,,,1.0,0.0,0.0,0.0,0.0,0.0,0.0,0.0
CC1OC(=O)C(O)=C1C,0.0,0.0,0.0,0.0,0.0,0.0,0.0,,0.0,0.0,0.0,0.0
[H][C@@]12CC[C@H](O)[C@@]1(C)CC[C@]3([H])C4=C(C[C@@H](CCCCCCCCCS(=O)CCCC(F)(F)C(F)(F)F)[C@@]23[H])C=C(O)C=C4,0.0,,,1.0,,0.0,0.0,1.0,0.0,0.0,1.0,0.0
CCCCCC1CCCC(=O)O1,0.0,0.0,0.0,0.0,0.0,0.0,0.0,0.0,0.0,0.0,0.0,0.0
CC1=CC(=CC=C1)C#N,0.0,0.0,0.0,0.0,1.0,0.0,0.0,0.0,0.0,0.0,,0.0
CSC1=NC(NC(C)C)=NC(NC(C)C)=N1,0.0,0.0,0.0,0.0,0.0,0.0,0.0,0.0,0.0,0.0,0.0,0.0
Cl.C1=CC=NC=C1,0.0,0.0,0.0,0.0,0.0,0.0,0.0,0.0,0.0,0.0,0.0,0.0
COP(=O)(OC)OC(C1=CC=C(Cl)C=C1)P(=O)(OC)OC,0.0,0.0,0.0,0.0,0.0,0.0,0.0,0.0,0.0,0.0,0.0,0.0
[Na+].[Na+].[O-]S(=O)(=O)C1=CC(=C2N=C(C=CC2=C1)C3C(=O)C4=C(C=CC=C4)C3=O)S([O-])(=O)=O,0.0,0.0,,0.0,0.0,0.0,0.0,1.0,0.0,0.0,,0.0
[K+].CC1=CC=CN2C(=O)C(=CN=C12)C3=NN=N[N-]3,0.0,0.0,0.0,0.0,0.0,0.0,0.0,0.0,0.0,0.0,,0.0
C(N(CC1=CC=CC=C1)CC2=CC=CC=C2)C3=CC=CC=C3,0.0,0.0,0.0,0.0,1.0,0.0,0.0,,0.0,0.0,,0.0
O=C1CCCO1,0.0,0.0,0.0,0.0,0.0,0.0,0.0,0.0,0.0,0.0,0.0,0.0
FC1=CN(C2CCCO2)C(=O)NC1=O,0.0,0.0,0.0,0.0,0.0,0.0,0.0,0.0,0.0,0.0,0.0,0.0
CC(=O)CC(=O)NC1=C(C)C=CC=C1,0.0,0.0,0.0,0.0,0.0,0.0,0.0,0.0,0.0,0.0,0.0,0.0
[Co++].CC([O-])=O.CC([O-])=O,0.0,0.0,0.0,0.0,0.0,0.0,0.0,1.0,0.0,0.0,0.0,0.0
CCCCOCCOCCOCCOCCO,0.0,0.0,0.0,0.0,,0.0,0.0,0.0,0.0,0.0,0.0,0.0
Cl.COC1=CC=CC(=C1)C2=C(Cl)C=C(\C=C/CN3CCCCCC3)C=C2,0.0,0.0,0.0,,,0.0,0.0,,0.0,0.0,,
O=C1NC=NC2=C1C=CC=C2,0.0,0.0,0.0,0.0,0.0,0.0,,0.0,0.0,0.0,0.0,0.0
OS(O)(=O)=O.CNC(C)(C)CC1=CC=CC=C1.CNC(C)(C)CC2=CC=CC=C2,0.0,0.0,0.0,0.0,0.0,0.0,0.0,0.0,0.0,0.0,0.0,0.0
O=C1CCCCCCCCCCCCCC1,0.0,0.0,0.0,,0.0,0.0,0.0,0.0,0.0,0.0,1.0,0.0
OC(=O)CP(O)(O)=O,0.0,0.0,0.0,0.0,0.0,0.0,0.0,0.0,0.0,0.0,0.0,0.0
[Na+].CNC([S-])=S,0.0,0.0,0.0,0.0,0.0,0.0,0.0,0.0,0.0,0.0,0.0,0.0
CN(C)CCCNCCCN(C)C,0.0,0.0,0.0,0.0,0.0,0.0,0.0,0.0,0.0,0.0,0.0,0.0
COCC1=NN=C(N1C2=C(Cl)C(Cl)=CC3=C2NC(=O)C(=O)N3)C4=C[N+]([O-])=CC=C4,0.0,0.0,0.0,0.0,,0.0,0.0,0.0,0.0,0.0,0.0,0.0
NC1=NC(NC2CC2)=C3N=CN([C@H]4C[C@H](CO)C=C4)C3=N1,0.0,0.0,1.0,,1.0,0.0,0.0,,1.0,,0.0,0.0
[O-]C(=O)\C=C/C([O-])=O.C[NH+](C)CCC(C1=CC=CC=C1)C2=CC=CC=[NH+]2,0.0,0.0,0.0,0.0,0.0,0.0,0.0,0.0,0.0,0.0,0.0,0.0
F[B-](F)(F)F.CCCN1C=C[N+](C)=C1,0.0,0.0,0.0,0.0,0.0,0.0,0.0,0.0,0.0,0.0,0.0,0.0
COP(=O)(OC)OC(Br)C(Cl)(Cl)Br,0.0,1.0,0.0,,0.0,0.0,1.0,1.0,1.0,0.0,0.0,1.0
CCCCCCOC(=O)C1=C(C=CC=C1)C(=O)OCCCCCC,0.0,0.0,0.0,0.0,0.0,0.0,0.0,0.0,0.0,0.0,0.0,0.0
CN(C)CCCCCCN(C)C,0.0,0.0,0.0,0.0,0.0,0.0,0.0,0.0,0.0,0.0,0.0,0.0
OC(=O)C(Cl)(Cl)Cl,0.0,0.0,0.0,0.0,0.0,0.0,0.0,0.0,0.0,0.0,0.0,0.0
[Na+].[H][C@]12SC(C)(C)[C@@H](N1C(=O)[C@@]2([H])NC(=O)C3=C(C)ON=C3C4=CC=CC=C4Cl)C([O-])=O,0.0,0.0,0.0,0.0,0.0,0.0,0.0,0.0,0.0,0.0,0.0,0.0
CCCCC1=CN=C(C=C1)C(O)=O,0.0,0.0,0.0,0.0,,0.0,0.0,,0.0,,0.0,0.0
CCCCOC(=O)C1=CC=CC=C1C(=O)OCCCC,0.0,0.0,0.0,0.0,0.0,0.0,0.0,0.0,0.0,0.0,0.0,0.0
CC(C)CN1C=NC2=C(N)N=C3C=CC=CC3=C12,0.0,0.0,1.0,0.0,,0.0,0.0,,0.0,0.0,0.0,0.0
CCCCOC(=O)CC#N,0.0,0.0,0.0,0.0,0.0,0.0,0.0,0.0,0.0,,0.0,0.0
OC(=O)C1=CC2=C(NC=C2CCCCN3CCC(=CC3)C4=CC=CC=C4)C=C1,0.0,0.0,,0.0,0.0,0.0,0.0,0.0,0.0,0.0,0.0,0.0
CCCCCCOC(=O)C(C)CC,0.0,0.0,0.0,0.0,0.0,0.0,0.0,0.0,0.0,0.0,0.0,0.0
CC(C)(C)C1=CC=C(C=C1)C2=CC=C(C=C2)C(C)(C)C,0.0,0.0,0.0,0.0,0.0,0.0,0.0,0.0,0.0,0.0,,0.0
CNS(=O)(=O)C1=C(F)C=C(Cl)C(=C1)C(=O)N2CCC(CCN3C4CCC3CC(C4)N5C(C)=NC6=C5C=CC=C6)(CC2)C7=CC(F)=CC=C7,0.0,0.0,0.0,,,0.0,,1.0,0.0,0.0,,0.0
OCC(O)CN1CCN(CC1)C2=CC=CC=C2,0.0,0.0,0.0,0.0,0.0,0.0,0.0,0.0,0.0,0.0,0.0,0.0
CCCCC1=CC=C(Cl)C=C1,0.0,0.0,,0.0,0.0,0.0,0.0,0.0,0.0,0.0,0.0,0.0
COC(=O)C1=CC=C(CBr)C=C1,0.0,0.0,1.0,,1.0,0.0,0.0,0.0,1.0,0.0,0.0,0.0
CNC,0.0,0.0,0.0,0.0,0.0,0.0,0.0,0.0,0.0,0.0,0.0,0.0
CCCOCCOCCO,0.0,0.0,0.0,0.0,0.0,0.0,0.0,0.0,0.0,0.0,0.0,0.0
Cl.COC1=C(N)C=CC=C1,0.0,0.0,1.0,0.0,0.0,0.0,0.0,0.0,0.0,0.0,0.0,0.0
[K+].[K+].[O-]S(=O)(=O)OOS([O-])(=O)=O,0.0,0.0,0.0,0.0,0.0,0.0,0.0,0.0,0.0,0.0,0.0,0.0
[NH4+].[S-]C#N,0.0,0.0,0.0,0.0,0.0,0.0,0.0,0.0,0.0,0.0,0.0,0.0
O=C1NSC2=C1C=CC=C2,0.0,,,,0.0,0.0,,,0.0,1.0,1.0,
CCCCCCCC\C=C\CCCOC(C)=O,0.0,0.0,0.0,0.0,0.0,0.0,0.0,0.0,0.0,1.0,0.0,0.0
CCCCCCCCCCCC(=O)N(CC)CC,0.0,0.0,0.0,0.0,0.0,0.0,0.0,0.0,0.0,0.0,0.0,0.0
O=C1C2=C(N\C1=C3\NC4=C(C=CC=C4)C3=O)C=CC=C2,0.0,0.0,0.0,0.0,0.0,0.0,0.0,0.0,0.0,0.0,,0.0
CCCC1=C(O)C=CC=C1,0.0,0.0,0.0,,0.0,0.0,0.0,,0.0,0.0,1.0,0.0
ClC1=C(Cl)C2(Cl)C3COS(=O)(=O)OCC3C1(Cl)C2(Cl)Cl,0.0,0.0,0.0,,0.0,0.0,0.0,1.0,0.0,,,0.0
OC(=O)C1=C2C=CC=CC2=NC(=C1)C3=CC=CC=C3,0.0,,0.0,,0.0,0.0,1.0,0.0,0.0,0.0,0.0,0.0
NN1C=NN=C1,0.0,0.0,0.0,0.0,0.0,0.0,0.0,0.0,0.0,0.0,0.0,0.0
CCC(=O)OCCC(C)CCC=C(C)C,0.0,0.0,0.0,0.0,,1.0,0.0,0.0,0.0,0.0,0.0,0.0
CC1=CC=CC=C1NC(=N)NC2=C(C)C=CC=C2,0.0,0.0,,0.0,0.0,0.0,0.0,0.0,0.0,0.0,,0.0
ClC1=CC=C(C=C1)S(=O)(=O)C2=CC=CC=C2,0.0,0.0,0.0,0.0,,0.0,0.0,,0.0,0.0,,0.0
CC(C)(O)CCCC1=CCC(CC1)C=O,0.0,0.0,0.0,0.0,1.0,0.0,0.0,,0.0,0.0,,0.0
CC(=O)CC(C1=CC=C(C=C1)[N+]([O-])=O)C2=C(O)C3=CC=CC=C3OC2=O,0.0,0.0,0.0,0.0,0.0,0.0,,0.0,0.0,0.0,1.0,0.0
Cl.CCN(CC)CCNC(=O)COC1=CC=C(OC)C=C1,0.0,0.0,0.0,0.0,1.0,0.0,0.0,0.0,0.0,0.0,0.0,0.0
CC1=C(Cl)C=C(N)C=C1,0.0,0.0,0.0,0.0,0.0,0.0,0.0,0.0,0.0,0.0,0.0,0.0
N(C1=CC=CC=C1)C2=CC=CC=C2,0.0,0.0,0.0,,0.0,0.0,0.0,0.0,0.0,0.0,1.0,0.0
[H][C@@]12CC[C@H](OC(=O)CCC(C)C)[C@@]1(C)CC[C@@]3([H])[C@@]2([H])CCC4=CC(=O)CC[C@]34C,1.0,1.0,,,1.0,1.0,0.0,,0.0,,0.0,0.0
CC(=O)NC1=CC=C(C=C1)S(=O)(=O)NC2=CC=C(C=C2)[N+]([O-])=O,0.0,0.0,0.0,0.0,0.0,0.0,0.0,,0.0,,1.0,0.0
CCCCCC1=CC=C(Cl)C=C1,0.0,0.0,0.0,0.0,0.0,0.0,0.0,0.0,0.0,0.0,0.0,0.0
ClC1=CC=C(S1)S(=O)(=O)NC2=C(C=C(Cl)C=C2)C(=O)NC3=CC=C(C=C3)S(=O)(=O)N4CCOCC4,0.0,0.0,0.0,0.0,0.0,0.0,0.0,,0.0,,,1.0
OCC1(CO)COC(OC1)C(Cl)(Cl)Cl,0.0,0.0,0.0,0.0,0.0,0.0,0.0,,0.0,,0.0,0.0
CC1=CC(C)=NC(NS(=O)(=O)C2=CC=C(N)C=C2)=N1,0.0,0.0,0.0,0.0,1.0,0.0,0.0,0.0,0.0,0.0,0.0,0.0
CC(=O)N[C@@H](CC(=O)N[C@@H](CCC(O)=O)C(O)=O)C(O)=O,0.0,0.0,0.0,0.0,0.0,0.0,0.0,,0.0,,0.0,0.0
CCCCCCCCOC1=CC(O)=C(C=C1)C(=O)C2=CC=CC=C2,1.0,0.0,0.0,0.0,0.0,0.0,0.0,0.0,0.0,0.0,0.0,0.0
CCNCCO,0.0,0.0,0.0,0.0,1.0,0.0,0.0,0.0,0.0,0.0,0.0,0.0
S=C=S,0.0,0.0,0.0,0.0,0.0,0.0,0.0,0.0,0.0,0.0,0.0,0.0
O=C1CCC2=CC(OCCCCC3=NN=NN3C4CCCCC4)=CC=C2N1,0.0,0.0,0.0,0.0,0.0,0.0,0.0,1.0,0.0,0.0,0.0,0.0
[O-][N+](=O)C1=CN=C(S1)N2CCNC2=O,0.0,0.0,0.0,0.0,0.0,0.0,0.0,,0.0,,,0.0
CCCN(CCC)C1=C(C=C(C=C1[N+]([O-])=O)C(F)(F)F)[N+]([O-])=O,0.0,0.0,0.0,0.0,0.0,0.0,0.0,0.0,0.0,0.0,1.0,0.0
